x1,x2,y
557.0,485.0,557.0
767.0,927.0,927.0
808.0,108.0,808.0
774.0,874.0,874.0
761.0,14.0,761.0
56.0,179.0,179.0
471.0,370.0,471.0
675.0,386.0,675.0
418.0,238.0,418.0
374.0,603.0,603.0
806.0,782.0,806.0
167.0,997.0,997.0
537.0,790.0,790.0
585.0,319.0,585.0
452.0,279.0,452.0
614.0,324.0,614.0
837.0,608.0,837.0
96.0,621.0,621.0
342.0,75.0,342.0
789.0,970.0,970.0
461.0,783.0,783.0
742.0,846.0,846.0
478.0,669.0,669.0
778.0,327.0,778.0
730.0,127.0,730.0
424.0,864.0,864.0
611.0,560.0,611.0
207.0,91.0,207.0
252.0,641.0,641.0
538.0,951.0,951.0
808.0,211.0,808.0
666.0,120.0,666.0
828.0,546.0,828.0
634.0,248.0,634.0
335.0,162.0,335.0
696.0,931.0,931.0
837.0,310.0,837.0
858.0,890.0,890.0
97.0,28.0,97.0
98.0,187.0,187.0
283.0,326.0,326.0
566.0,874.0,874.0
598.0,335.0,598.0
724.0,730.0,730.0
731.0,907.0,907.0
5.0,834.0,834.0
638.0,660.0,660.0
293.0,897.0,897.0
752.0,701.0,752.0
686.0,91.0,686.0
799.0,563.0,799.0
813.0,488.0,813.0
792.0,175.0,792.0
489.0,348.0,489.0
995.0,727.0,995.0
509.0,6.0,509.0
5.0,166.0,166.0
713.0,146.0,713.0
66.0,847.0,847.0
598.0,969.0,969.0
463.0,621.0,621.0
547.0,570.0,570.0
707.0,466.0,707.0
725.0,749.0,749.0
574.0,920.0,920.0
181.0,925.0,925.0
371.0,123.0,371.0
159.0,797.0,797.0
286.0,991.0,991.0
660.0,915.0,915.0
38.0,577.0,577.0
168.0,317.0,317.0
522.0,218.0,522.0
145.0,950.0,950.0
384.0,760.0,760.0
670.0,999.0,999.0
760.0,563.0,760.0
246.0,602.0,602.0
722.0,585.0,722.0
970.0,571.0,970.0
894.0,818.0,894.0
577.0,627.0,627.0
337.0,478.0,478.0
714.0,748.0,748.0
654.0,105.0,654.0
10.0,272.0,272.0
681.0,148.0,681.0
284.0,194.0,284.0
877.0,2.0,877.0
611.0,170.0,611.0
393.0,147.0,393.0
339.0,590.0,590.0
864.0,228.0,864.0
131.0,268.0,268.0
539.0,94.0,539.0
464.0,958.0,958.0
483.0,713.0,713.0
41.0,504.0,504.0
580.0,235.0,580.0
260.0,132.0,260.0
311.0,740.0,740.0
301.0,756.0,756.0
845.0,851.0,851.0
478.0,950.0,950.0
47.0,315.0,315.0
211.0,59.0,211.0
669.0,51.0,669.0
443.0,731.0,731.0
532.0,64.0,532.0
887.0,438.0,887.0
906.0,916.0,916.0
500.0,977.0,977.0
194.0,787.0,787.0
584.0,251.0,584.0
516.0,491.0,516.0
73.0,935.0,935.0
427.0,768.0,768.0
368.0,131.0,368.0
863.0,712.0,863.0
545.0,338.0,545.0
649.0,392.0,649.0
294.0,875.0,875.0
476.0,711.0,711.0
117.0,621.0,621.0
908.0,720.0,908.0
37.0,238.0,238.0
315.0,772.0,772.0
356.0,70.0,356.0
467.0,970.0,970.0
64.0,638.0,638.0
986.0,330.0,986.0
451.0,24.0,451.0
199.0,642.0,642.0
993.0,114.0,993.0
217.0,216.0,217.0
777.0,72.0,777.0
570.0,854.0,854.0
460.0,60.0,460.0
573.0,885.0,885.0
526.0,294.0,526.0
516.0,372.0,516.0
442.0,236.0,442.0
744.0,474.0,744.0
507.0,48.0,507.0
425.0,158.0,425.0
883.0,232.0,883.0
304.0,764.0,764.0
88.0,1.0,88.0
116.0,579.0,579.0
132.0,933.0,933.0
952.0,117.0,952.0
194.0,861.0,861.0
238.0,590.0,590.0
480.0,797.0,797.0
474.0,493.0,493.0
567.0,550.0,567.0
346.0,546.0,546.0
228.0,554.0,554.0
576.0,637.0,637.0
54.0,402.0,402.0
779.0,882.0,882.0
700.0,474.0,700.0
931.0,288.0,931.0
59.0,477.0,477.0
896.0,82.0,896.0
483.0,718.0,718.0
270.0,714.0,714.0
255.0,520.0,520.0
627.0,468.0,627.0
116.0,725.0,725.0
862.0,592.0,862.0
959.0,138.0,959.0
798.0,295.0,798.0
762.0,473.0,762.0
662.0,445.0,662.0
323.0,368.0,368.0
508.0,12.0,508.0
978.0,909.0,978.0
685.0,26.0,685.0
128.0,210.0,210.0
824.0,434.0,824.0
170.0,147.0,170.0
401.0,809.0,809.0
16.0,239.0,239.0
180.0,109.0,180.0
38.0,616.0,616.0
772.0,661.0,772.0
434.0,14.0,434.0
112.0,493.0,493.0
673.0,929.0,929.0
488.0,870.0,870.0
26.0,11.0,26.0
433.0,178.0,433.0
999.0,657.0,999.0
164.0,465.0,465.0
455.0,414.0,455.0
896.0,571.0,896.0
291.0,598.0,598.0
993.0,888.0,993.0
591.0,300.0,591.0
880.0,663.0,880.0
197.0,243.0,243.0
481.0,293.0,481.0
23.0,398.0,398.0
430.0,722.0,722.0
68.0,217.0,217.0
518.0,835.0,835.0
193.0,268.0,268.0
52.0,664.0,664.0
258.0,955.0,955.0
225.0,270.0,270.0
741.0,597.0,741.0
450.0,944.0,944.0
109.0,257.0,257.0
279.0,969.0,969.0
17.0,457.0,457.0
704.0,700.0,704.0
536.0,51.0,536.0
128.0,570.0,570.0
786.0,196.0,786.0
114.0,827.0,827.0
912.0,159.0,912.0
835.0,241.0,835.0
324.0,187.0,324.0
55.0,562.0,562.0
340.0,14.0,340.0
620.0,875.0,875.0
671.0,593.0,671.0
305.0,662.0,662.0
689.0,615.0,689.0
438.0,36.0,438.0
51.0,641.0,641.0
110.0,946.0,946.0
868.0,14.0,868.0
853.0,551.0,853.0
458.0,540.0,540.0
187.0,694.0,694.0
237.0,153.0,237.0
635.0,188.0,635.0
450.0,980.0,980.0
879.0,432.0,879.0
464.0,645.0,645.0
392.0,893.0,893.0
280.0,389.0,389.0
378.0,139.0,378.0
14.0,39.0,39.0
413.0,448.0,448.0
349.0,783.0,783.0
24.0,802.0,802.0
958.0,453.0,958.0
412.0,562.0,562.0
847.0,176.0,847.0
183.0,126.0,183.0
3.0,858.0,858.0
53.0,274.0,274.0
212.0,936.0,936.0
850.0,525.0,850.0
469.0,83.0,469.0
568.0,127.0,568.0
510.0,892.0,892.0
736.0,764.0,764.0
564.0,748.0,748.0
91.0,709.0,709.0
67.0,648.0,648.0
35.0,279.0,279.0
877.0,230.0,877.0
40.0,997.0,997.0
62.0,17.0,62.0
156.0,132.0,156.0
466.0,133.0,466.0
30.0,623.0,623.0
110.0,171.0,171.0
49.0,115.0,115.0
441.0,823.0,823.0
439.0,754.0,754.0
45.0,11.0,45.0
357.0,456.0,456.0
76.0,375.0,375.0
320.0,981.0,981.0
959.0,48.0,959.0
649.0,335.0,649.0
373.0,786.0,786.0
494.0,756.0,756.0
791.0,630.0,791.0
840.0,969.0,969.0
465.0,939.0,939.0
161.0,925.0,925.0
941.0,831.0,941.0
4.0,702.0,702.0
495.0,482.0,495.0
670.0,504.0,670.0
615.0,929.0,929.0
934.0,770.0,934.0
917.0,947.0,947.0
369.0,244.0,369.0
572.0,12.0,572.0
830.0,480.0,830.0
504.0,61.0,504.0
703.0,927.0,927.0
236.0,358.0,358.0
7.0,861.0,861.0
349.0,160.0,349.0
32.0,946.0,946.0
997.0,312.0,997.0
81.0,828.0,828.0
531.0,724.0,724.0
528.0,839.0,839.0
319.0,318.0,319.0
741.0,853.0,853.0
434.0,359.0,434.0
244.0,549.0,549.0
218.0,846.0,846.0
639.0,732.0,732.0
413.0,949.0,949.0
502.0,959.0,959.0
816.0,108.0,816.0
962.0,557.0,962.0
242.0,971.0,971.0
500.0,884.0,884.0
317.0,207.0,317.0
99.0,962.0,962.0
434.0,737.0,737.0
956.0,345.0,956.0
722.0,752.0,752.0
359.0,581.0,581.0
38.0,875.0,875.0
979.0,91.0,979.0
516.0,413.0,516.0
717.0,48.0,717.0
350.0,511.0,511.0
87.0,344.0,344.0
538.0,725.0,725.0
986.0,559.0,986.0
597.0,366.0,597.0
636.0,349.0,636.0
979.0,280.0,979.0
115.0,343.0,343.0
604.0,3.0,604.0
132.0,428.0,428.0
25.0,865.0,865.0
636.0,850.0,850.0
533.0,963.0,963.0
382.0,479.0,479.0
819.0,689.0,819.0
827.0,427.0,827.0
112.0,837.0,837.0
791.0,618.0,791.0
637.0,505.0,637.0
930.0,394.0,930.0
345.0,567.0,567.0
584.0,166.0,584.0
321.0,148.0,321.0
775.0,60.0,775.0
47.0,698.0,698.0
963.0,323.0,963.0
5.0,285.0,285.0
835.0,309.0,835.0
942.0,116.0,942.0
989.0,978.0,989.0
768.0,321.0,768.0
261.0,702.0,702.0
85.0,734.0,734.0
999.0,432.0,999.0
913.0,495.0,913.0
21.0,910.0,910.0
912.0,912.0,912.0
539.0,687.0,687.0
509.0,235.0,509.0
684.0,345.0,684.0
719.0,308.0,719.0
904.0,756.0,904.0
823.0,236.0,823.0
975.0,521.0,975.0
620.0,206.0,620.0
844.0,900.0,900.0
469.0,76.0,469.0
99.0,819.0,819.0
902.0,398.0,902.0
809.0,219.0,809.0
814.0,843.0,843.0
467.0,608.0,608.0
929.0,714.0,929.0
476.0,996.0,996.0
837.0,930.0,930.0
817.0,272.0,817.0
692.0,308.0,692.0
218.0,579.0,579.0
889.0,696.0,889.0
522.0,841.0,841.0
856.0,941.0,941.0
434.0,847.0,847.0
292.0,44.0,292.0
678.0,929.0,929.0
100.0,627.0,627.0
907.0,252.0,907.0
924.0,958.0,958.0
127.0,656.0,656.0
587.0,208.0,587.0
352.0,278.0,352.0
947.0,343.0,947.0
287.0,152.0,287.0
831.0,39.0,831.0
553.0,277.0,553.0
929.0,313.0,929.0
373.0,731.0,731.0
920.0,953.0,953.0
208.0,907.0,907.0
362.0,247.0,362.0
10.0,821.0,821.0
392.0,184.0,392.0
519.0,396.0,519.0
524.0,816.0,816.0
850.0,906.0,906.0
284.0,375.0,375.0
640.0,6.0,640.0
44.0,221.0,221.0
698.0,430.0,698.0
669.0,675.0,675.0
450.0,979.0,979.0
26.0,20.0,26.0
187.0,951.0,951.0
250.0,931.0,931.0
762.0,903.0,903.0
337.0,147.0,337.0
409.0,980.0,980.0
188.0,546.0,546.0
851.0,654.0,851.0
748.0,582.0,748.0
333.0,431.0,431.0
809.0,377.0,809.0
780.0,225.0,780.0
272.0,324.0,324.0
483.0,405.0,483.0
220.0,726.0,726.0
236.0,565.0,565.0
550.0,641.0,641.0
129.0,897.0,897.0
981.0,259.0,981.0
604.0,543.0,604.0
137.0,199.0,199.0
818.0,817.0,818.0
625.0,639.0,639.0
823.0,999.0,999.0
875.0,265.0,875.0
266.0,157.0,266.0
840.0,569.0,840.0
379.0,641.0,641.0
22.0,934.0,934.0
576.0,71.0,576.0
842.0,365.0,842.0
576.0,652.0,652.0
717.0,338.0,717.0
479.0,937.0,937.0
8.0,944.0,944.0
801.0,40.0,801.0
869.0,513.0,869.0
430.0,0.0,430.0
904.0,927.0,927.0
842.0,328.0,842.0
767.0,695.0,767.0
391.0,22.0,391.0
105.0,800.0,800.0
624.0,279.0,624.0
897.0,814.0,897.0
272.0,589.0,589.0
518.0,478.0,518.0
484.0,565.0,565.0
63.0,316.0,316.0
49.0,504.0,504.0
694.0,674.0,694.0
661.0,652.0,661.0
387.0,304.0,387.0
169.0,761.0,761.0
812.0,841.0,841.0
486.0,546.0,546.0
11.0,459.0,459.0
495.0,319.0,495.0
186.0,603.0,603.0
164.0,264.0,264.0
977.0,190.0,977.0
477.0,75.0,477.0
319.0,763.0,763.0
971.0,729.0,971.0
540.0,94.0,540.0
27.0,5.0,27.0
536.0,839.0,839.0
634.0,719.0,719.0
313.0,625.0,625.0
528.0,55.0,528.0
13.0,367.0,367.0
796.0,419.0,796.0
593.0,931.0,931.0
531.0,984.0,984.0
815.0,321.0,815.0
369.0,508.0,508.0
853.0,442.0,853.0
749.0,852.0,852.0
46.0,315.0,315.0
45.0,591.0,591.0
565.0,541.0,565.0
918.0,940.0,940.0
817.0,311.0,817.0
759.0,209.0,759.0
387.0,117.0,387.0
294.0,581.0,581.0
77.0,606.0,606.0
6.0,870.0,870.0
669.0,767.0,767.0
849.0,844.0,849.0
558.0,827.0,827.0
659.0,642.0,659.0
949.0,955.0,955.0
775.0,554.0,775.0
285.0,779.0,779.0
924.0,349.0,924.0
100.0,475.0,475.0
289.0,315.0,315.0
611.0,915.0,915.0
966.0,991.0,991.0
976.0,524.0,976.0
60.0,900.0,900.0
854.0,174.0,854.0
912.0,43.0,912.0
684.0,42.0,684.0
432.0,244.0,432.0
757.0,570.0,757.0
24.0,364.0,364.0
337.0,973.0,973.0
857.0,421.0,857.0
320.0,246.0,320.0
3.0,249.0,249.0
309.0,536.0,536.0
395.0,45.0,395.0
983.0,947.0,983.0
33.0,155.0,155.0
343.0,674.0,674.0
691.0,642.0,691.0
97.0,496.0,496.0
55.0,719.0,719.0
278.0,557.0,557.0
785.0,383.0,785.0
668.0,7.0,668.0
302.0,721.0,721.0
264.0,485.0,485.0
882.0,137.0,882.0
706.0,246.0,706.0
362.0,413.0,413.0
847.0,994.0,994.0
989.0,991.0,991.0
535.0,163.0,535.0
775.0,346.0,775.0
835.0,269.0,835.0
125.0,34.0,125.0
666.0,625.0,666.0
913.0,483.0,913.0
703.0,391.0,703.0
94.0,831.0,831.0
64.0,455.0,455.0
584.0,458.0,584.0
947.0,815.0,947.0
891.0,46.0,891.0
964.0,197.0,964.0
489.0,521.0,521.0
855.0,708.0,855.0
278.0,592.0,592.0
508.0,897.0,897.0
741.0,95.0,741.0
164.0,927.0,927.0
755.0,800.0,800.0
1000.0,247.0,1000.0
968.0,471.0,968.0
567.0,715.0,715.0
362.0,251.0,362.0
705.0,997.0,997.0
819.0,789.0,819.0
130.0,595.0,595.0
135.0,396.0,396.0
700.0,857.0,857.0
629.0,897.0,897.0
808.0,619.0,808.0
843.0,0.0,843.0
134.0,321.0,321.0
944.0,906.0,944.0
852.0,753.0,852.0
778.0,461.0,778.0
467.0,333.0,467.0
609.0,604.0,609.0
233.0,328.0,328.0
131.0,481.0,481.0
486.0,21.0,486.0
907.0,805.0,907.0
378.0,718.0,718.0
483.0,61.0,483.0
870.0,680.0,870.0
839.0,759.0,839.0
55.0,559.0,559.0
200.0,763.0,763.0
90.0,941.0,941.0
292.0,724.0,724.0
916.0,578.0,916.0
939.0,236.0,939.0
324.0,576.0,576.0
297.0,365.0,365.0
111.0,122.0,122.0
695.0,678.0,695.0
959.0,928.0,959.0
513.0,79.0,513.0
968.0,999.0,999.0
228.0,635.0,635.0
148.0,701.0,701.0
378.0,888.0,888.0
809.0,82.0,809.0
55.0,165.0,165.0
944.0,23.0,944.0
720.0,882.0,882.0
889.0,657.0,889.0
842.0,528.0,842.0
712.0,397.0,712.0
32.0,474.0,474.0
932.0,385.0,932.0
421.0,728.0,728.0
475.0,694.0,694.0
323.0,367.0,367.0
769.0,627.0,769.0
924.0,327.0,924.0
833.0,821.0,833.0
826.0,534.0,826.0
31.0,710.0,710.0
849.0,656.0,849.0
19.0,173.0,173.0
729.0,234.0,729.0
850.0,696.0,850.0
380.0,386.0,386.0
661.0,897.0,897.0
144.0,242.0,242.0
696.0,745.0,745.0
243.0,403.0,403.0
740.0,591.0,740.0
323.0,476.0,476.0
305.0,508.0,508.0
291.0,910.0,910.0
390.0,761.0,761.0
531.0,507.0,531.0
156.0,50.0,156.0
303.0,195.0,303.0
325.0,704.0,704.0
934.0,500.0,934.0
750.0,382.0,750.0
275.0,304.0,304.0
208.0,387.0,387.0
623.0,664.0,664.0
897.0,478.0,897.0
344.0,996.0,996.0
275.0,70.0,275.0
684.0,805.0,805.0
611.0,325.0,611.0
168.0,37.0,168.0
463.0,919.0,919.0
808.0,521.0,808.0
317.0,318.0,318.0
156.0,631.0,631.0
458.0,625.0,625.0
447.0,996.0,996.0
443.0,442.0,443.0
272.0,447.0,447.0
220.0,584.0,584.0
848.0,889.0,889.0
340.0,162.0,340.0
562.0,93.0,562.0
228.0,807.0,807.0
5.0,65.0,65.0
709.0,916.0,916.0
873.0,849.0,873.0
677.0,913.0,913.0
308.0,101.0,308.0
688.0,809.0,809.0
869.0,18.0,869.0
309.0,966.0,966.0
776.0,74.0,776.0
964.0,842.0,964.0
380.0,789.0,789.0
721.0,651.0,721.0
592.0,795.0,795.0
426.0,237.0,426.0
380.0,936.0,936.0
313.0,898.0,898.0
656.0,708.0,708.0
687.0,472.0,687.0
748.0,605.0,748.0
604.0,25.0,604.0
580.0,112.0,580.0
697.0,795.0,795.0
349.0,425.0,425.0
988.0,401.0,988.0
431.0,672.0,672.0
183.0,47.0,183.0
700.0,833.0,833.0
147.0,381.0,381.0
845.0,859.0,859.0
636.0,332.0,636.0
779.0,199.0,779.0
605.0,920.0,920.0
928.0,322.0,928.0
722.0,147.0,722.0
473.0,209.0,473.0
847.0,244.0,847.0
542.0,615.0,615.0
825.0,994.0,994.0
828.0,548.0,828.0
579.0,24.0,579.0
360.0,283.0,360.0
140.0,512.0,512.0
259.0,425.0,425.0
808.0,7.0,808.0
8.0,50.0,50.0
615.0,193.0,615.0
108.0,987.0,987.0
325.0,942.0,942.0
214.0,529.0,529.0
834.0,510.0,834.0
813.0,160.0,813.0
61.0,583.0,583.0
926.0,655.0,926.0
186.0,450.0,450.0
420.0,101.0,420.0
753.0,189.0,753.0
120.0,571.0,571.0
593.0,653.0,653.0
914.0,583.0,914.0
980.0,429.0,980.0
629.0,3.0,629.0
865.0,997.0,997.0
163.0,585.0,585.0
640.0,745.0,745.0
927.0,365.0,927.0
923.0,662.0,923.0
627.0,446.0,627.0
888.0,706.0,888.0
866.0,83.0,866.0
293.0,746.0,746.0
499.0,489.0,499.0
407.0,237.0,407.0
602.0,338.0,602.0
836.0,244.0,836.0
873.0,614.0,873.0
543.0,621.0,621.0
61.0,366.0,366.0
98.0,301.0,301.0
90.0,638.0,638.0
672.0,296.0,672.0
794.0,142.0,794.0
839.0,593.0,839.0
105.0,378.0,378.0
868.0,373.0,868.0
161.0,496.0,496.0
966.0,405.0,966.0
163.0,247.0,247.0
592.0,274.0,592.0
9.0,298.0,298.0
229.0,556.0,556.0
332.0,739.0,739.0
75.0,740.0,740.0
319.0,218.0,319.0
545.0,223.0,545.0
179.0,97.0,179.0
28.0,263.0,263.0
736.0,289.0,736.0
267.0,578.0,578.0
184.0,540.0,540.0
168.0,378.0,378.0
98.0,577.0,577.0
910.0,98.0,910.0
719.0,524.0,719.0
562.0,886.0,886.0
675.0,368.0,675.0
552.0,770.0,770.0
41.0,931.0,931.0
61.0,57.0,61.0
946.0,800.0,946.0
362.0,148.0,362.0
919.0,857.0,919.0
317.0,678.0,678.0
646.0,835.0,835.0
719.0,961.0,961.0
242.0,98.0,242.0
796.0,149.0,796.0
112.0,438.0,438.0
421.0,657.0,657.0
501.0,785.0,785.0
609.0,226.0,609.0
186.0,466.0,466.0
88.0,471.0,471.0
995.0,446.0,995.0
402.0,972.0,972.0
969.0,252.0,969.0
170.0,821.0,821.0
304.0,272.0,304.0
910.0,373.0,910.0
521.0,301.0,521.0
423.0,874.0,874.0
673.0,414.0,673.0
513.0,741.0,741.0
416.0,177.0,416.0
403.0,864.0,864.0
210.0,198.0,210.0
50.0,821.0,821.0
281.0,870.0,870.0
757.0,478.0,757.0
739.0,192.0,739.0
930.0,869.0,930.0
621.0,206.0,621.0
109.0,253.0,253.0
539.0,578.0,578.0
324.0,251.0,324.0
812.0,128.0,812.0
309.0,29.0,309.0
2.0,964.0,964.0
696.0,153.0,696.0
68.0,236.0,236.0
373.0,642.0,642.0
628.0,914.0,914.0
373.0,542.0,542.0
994.0,770.0,994.0
365.0,353.0,365.0
234.0,235.0,235.0
168.0,966.0,966.0
708.0,168.0,708.0
638.0,134.0,638.0
924.0,919.0,924.0
274.0,110.0,274.0
723.0,250.0,723.0
454.0,9.0,454.0
908.0,418.0,908.0
797.0,454.0,797.0
668.0,850.0,850.0
917.0,762.0,917.0
373.0,108.0,373.0
826.0,104.0,826.0
513.0,815.0,815.0
157.0,549.0,549.0
564.0,391.0,564.0
985.0,682.0,985.0
171.0,701.0,701.0
340.0,243.0,340.0
892.0,779.0,892.0
267.0,150.0,267.0
955.0,405.0,955.0
845.0,264.0,845.0
240.0,104.0,240.0
328.0,881.0,881.0
826.0,810.0,826.0
786.0,166.0,786.0
49.0,936.0,936.0
204.0,437.0,437.0
740.0,980.0,980.0
225.0,739.0,739.0
634.0,477.0,634.0
47.0,381.0,381.0
816.0,713.0,816.0
290.0,365.0,365.0
580.0,304.0,580.0
993.0,549.0,993.0
559.0,568.0,568.0
880.0,532.0,880.0
6.0,325.0,325.0
107.0,940.0,940.0
250.0,960.0,960.0
159.0,218.0,218.0
344.0,708.0,708.0
780.0,780.0,780.0
699.0,465.0,699.0
122.0,400.0,400.0
673.0,333.0,673.0
57.0,743.0,743.0
894.0,912.0,912.0
418.0,62.0,418.0
688.0,330.0,688.0
114.0,869.0,869.0
568.0,643.0,643.0
402.0,821.0,821.0
482.0,875.0,875.0
727.0,682.0,727.0
790.0,37.0,790.0
653.0,690.0,690.0
931.0,272.0,931.0
304.0,699.0,699.0
440.0,466.0,466.0
301.0,472.0,472.0
558.0,682.0,682.0
61.0,838.0,838.0
851.0,816.0,851.0
747.0,503.0,747.0
263.0,203.0,263.0
829.0,432.0,829.0
911.0,373.0,911.0
605.0,562.0,605.0
829.0,713.0,829.0
857.0,248.0,857.0
862.0,644.0,862.0
687.0,998.0,998.0
959.0,751.0,959.0
825.0,797.0,825.0
753.0,267.0,753.0
663.0,965.0,965.0
276.0,533.0,533.0
156.0,895.0,895.0
174.0,735.0,735.0
513.0,989.0,989.0
451.0,161.0,451.0
867.0,505.0,867.0
509.0,81.0,509.0
162.0,277.0,277.0
168.0,299.0,299.0
140.0,351.0,351.0
126.0,365.0,365.0
902.0,752.0,902.0
388.0,567.0,567.0
767.0,479.0,767.0
493.0,942.0,942.0
300.0,862.0,862.0
450.0,824.0,824.0
901.0,900.0,901.0
760.0,344.0,760.0
704.0,176.0,704.0
463.0,636.0,636.0
344.0,465.0,465.0
394.0,87.0,394.0
726.0,147.0,726.0
36.0,783.0,783.0
943.0,303.0,943.0
191.0,308.0,308.0
238.0,980.0,980.0
111.0,735.0,735.0
690.0,598.0,690.0
585.0,168.0,585.0
859.0,504.0,859.0
339.0,465.0,465.0
440.0,887.0,887.0
297.0,332.0,332.0
783.0,972.0,972.0
716.0,178.0,716.0
899.0,703.0,899.0
388.0,334.0,388.0
528.0,807.0,807.0
679.0,693.0,693.0
237.0,811.0,811.0
86.0,710.0,710.0
850.0,504.0,850.0
310.0,654.0,654.0
511.0,19.0,511.0
313.0,875.0,875.0
586.0,40.0,586.0
983.0,156.0,983.0
882.0,361.0,882.0
528.0,937.0,937.0
946.0,572.0,946.0
504.0,45.0,504.0
598.0,709.0,709.0
259.0,314.0,314.0
309.0,643.0,643.0
904.0,219.0,904.0
955.0,231.0,955.0
933.0,18.0,933.0
46.0,629.0,629.0
136.0,762.0,762.0
974.0,197.0,974.0
324.0,93.0,324.0
565.0,349.0,565.0
448.0,456.0,456.0
977.0,645.0,977.0
633.0,19.0,633.0
475.0,389.0,475.0
551.0,428.0,551.0
223.0,893.0,893.0
396.0,503.0,503.0
211.0,840.0,840.0
443.0,197.0,443.0
8.0,941.0,941.0
673.0,696.0,696.0
502.0,139.0,502.0
61.0,654.0,654.0
785.0,818.0,818.0
531.0,790.0,790.0
546.0,725.0,725.0
914.0,519.0,914.0
301.0,942.0,942.0
563.0,723.0,723.0
907.0,852.0,907.0
758.0,637.0,758.0
260.0,365.0,365.0
600.0,776.0,776.0
372.0,707.0,707.0
57.0,600.0,600.0
706.0,930.0,930.0
242.0,934.0,934.0
666.0,466.0,666.0
738.0,463.0,738.0
653.0,874.0,874.0
800.0,32.0,800.0
661.0,401.0,661.0
985.0,355.0,985.0
247.0,714.0,714.0
635.0,753.0,753.0
157.0,13.0,157.0
951.0,264.0,951.0
807.0,338.0,807.0
573.0,278.0,573.0
221.0,91.0,221.0
479.0,498.0,498.0
253.0,536.0,536.0
574.0,739.0,739.0
329.0,113.0,329.0
871.0,989.0,989.0
519.0,824.0,824.0
558.0,714.0,714.0
250.0,752.0,752.0
4.0,730.0,730.0
7.0,221.0,221.0
688.0,59.0,688.0
256.0,326.0,326.0
835.0,521.0,835.0
174.0,153.0,174.0
172.0,454.0,454.0
4.0,28.0,28.0
773.0,390.0,773.0
549.0,917.0,917.0
901.0,665.0,901.0
214.0,855.0,855.0
682.0,961.0,961.0
815.0,524.0,815.0
361.0,66.0,361.0
561.0,397.0,561.0
789.0,614.0,789.0
840.0,39.0,840.0
997.0,782.0,997.0
755.0,661.0,755.0
399.0,449.0,449.0
395.0,233.0,395.0
346.0,42.0,346.0
388.0,619.0,619.0
750.0,89.0,750.0
489.0,828.0,828.0
194.0,253.0,253.0
295.0,158.0,295.0
502.0,1000.0,1000.0
109.0,273.0,273.0
368.0,256.0,368.0
202.0,174.0,202.0
789.0,528.0,789.0
59.0,981.0,981.0
535.0,215.0,535.0
699.0,296.0,699.0
646.0,351.0,646.0
651.0,992.0,992.0
66.0,989.0,989.0
546.0,856.0,856.0
978.0,505.0,978.0
720.0,574.0,720.0
116.0,520.0,520.0
173.0,55.0,173.0
128.0,620.0,620.0
196.0,332.0,332.0
351.0,645.0,645.0
474.0,735.0,735.0
684.0,901.0,901.0
543.0,128.0,543.0
534.0,174.0,534.0
158.0,721.0,721.0
581.0,618.0,618.0
861.0,3.0,861.0
966.0,389.0,966.0
636.0,534.0,636.0
826.0,580.0,826.0
723.0,354.0,723.0
406.0,575.0,575.0
669.0,984.0,984.0
614.0,414.0,614.0
425.0,416.0,425.0
535.0,723.0,723.0
551.0,753.0,753.0
410.0,93.0,410.0
120.0,947.0,947.0
18.0,655.0,655.0
56.0,717.0,717.0
273.0,587.0,587.0
268.0,460.0,460.0
497.0,533.0,533.0
968.0,929.0,968.0
300.0,837.0,837.0
610.0,394.0,610.0
855.0,398.0,855.0
238.0,239.0,239.0
326.0,17.0,326.0
936.0,37.0,936.0
491.0,811.0,811.0
987.0,964.0,987.0
549.0,780.0,780.0
491.0,17.0,491.0
93.0,275.0,275.0
540.0,858.0,858.0
485.0,453.0,485.0
955.0,584.0,955.0
643.0,174.0,643.0
300.0,389.0,389.0
593.0,141.0,593.0
381.0,523.0,523.0
193.0,764.0,764.0
753.0,976.0,976.0
666.0,233.0,666.0
88.0,338.0,338.0
931.0,975.0,975.0
781.0,664.0,781.0
245.0,415.0,415.0
67.0,697.0,697.0
185.0,791.0,791.0
554.0,67.0,554.0
359.0,193.0,359.0
757.0,322.0,757.0
996.0,756.0,996.0
622.0,38.0,622.0
213.0,20.0,213.0
180.0,847.0,847.0
787.0,590.0,787.0
210.0,789.0,789.0
696.0,184.0,696.0
961.0,916.0,961.0
828.0,408.0,828.0
517.0,272.0,517.0
960.0,260.0,960.0
106.0,954.0,954.0
796.0,337.0,796.0
445.0,140.0,445.0
388.0,362.0,388.0
753.0,24.0,753.0
129.0,124.0,129.0
716.0,823.0,823.0
986.0,7.0,986.0
851.0,577.0,851.0
578.0,210.0,578.0
152.0,969.0,969.0
245.0,52.0,245.0
228.0,350.0,350.0
723.0,470.0,723.0
472.0,119.0,472.0
484.0,314.0,484.0
493.0,273.0,493.0
839.0,630.0,839.0
987.0,883.0,987.0
758.0,332.0,758.0
863.0,191.0,863.0
705.0,46.0,705.0
33.0,100.0,100.0
808.0,620.0,808.0
625.0,600.0,625.0
880.0,466.0,880.0
468.0,261.0,468.0
86.0,916.0,916.0
895.0,718.0,895.0
420.0,712.0,712.0
732.0,292.0,732.0
95.0,679.0,679.0
122.0,287.0,287.0
780.0,854.0,854.0
653.0,307.0,653.0
714.0,189.0,714.0
495.0,955.0,955.0
59.0,74.0,74.0
591.0,348.0,591.0
271.0,69.0,271.0
590.0,691.0,691.0
900.0,844.0,900.0
825.0,526.0,825.0
306.0,761.0,761.0
366.0,435.0,435.0
313.0,666.0,666.0
942.0,828.0,942.0
568.0,376.0,568.0
533.0,639.0,639.0
899.0,666.0,899.0
615.0,965.0,965.0
946.0,1.0,946.0
13.0,715.0,715.0
55.0,297.0,297.0
481.0,208.0,481.0
906.0,388.0,906.0
149.0,208.0,208.0
952.0,612.0,952.0
598.0,983.0,983.0
311.0,301.0,311.0
157.0,987.0,987.0
665.0,499.0,665.0
792.0,472.0,792.0
386.0,262.0,386.0
813.0,746.0,813.0
795.0,592.0,795.0
960.0,619.0,960.0
900.0,409.0,900.0
939.0,442.0,939.0
645.0,177.0,645.0
323.0,991.0,991.0
178.0,548.0,548.0
123.0,666.0,666.0
402.0,295.0,402.0
106.0,89.0,106.0
875.0,189.0,875.0
988.0,997.0,997.0
603.0,906.0,906.0
300.0,81.0,300.0
159.0,206.0,206.0
247.0,194.0,247.0
998.0,74.0,998.0
685.0,788.0,788.0
599.0,485.0,599.0
658.0,605.0,658.0
471.0,592.0,592.0
41.0,937.0,937.0
162.0,313.0,313.0
442.0,334.0,442.0
717.0,914.0,914.0
896.0,33.0,896.0
298.0,224.0,298.0
530.0,6.0,530.0
634.0,343.0,634.0
744.0,193.0,744.0
606.0,740.0,740.0
710.0,793.0,793.0
766.0,292.0,766.0
510.0,349.0,510.0
375.0,100.0,375.0
737.0,503.0,737.0
151.0,125.0,151.0
494.0,330.0,494.0
935.0,498.0,935.0
550.0,317.0,550.0
295.0,529.0,529.0
102.0,19.0,102.0
419.0,391.0,419.0
370.0,962.0,962.0
97.0,448.0,448.0
699.0,130.0,699.0
945.0,980.0,980.0
892.0,518.0,892.0
598.0,977.0,977.0
240.0,958.0,958.0
725.0,826.0,826.0
53.0,760.0,760.0
647.0,658.0,658.0
239.0,711.0,711.0
663.0,846.0,846.0
515.0,996.0,996.0
149.0,964.0,964.0
862.0,790.0,862.0
866.0,265.0,866.0
485.0,905.0,905.0
376.0,665.0,665.0
600.0,667.0,667.0
987.0,990.0,990.0
463.0,428.0,463.0
223.0,227.0,227.0
753.0,398.0,753.0
800.0,732.0,800.0
832.0,821.0,832.0
386.0,398.0,398.0
142.0,129.0,142.0
177.0,725.0,725.0
921.0,73.0,921.0
554.0,424.0,554.0
343.0,706.0,706.0
648.0,591.0,648.0
811.0,425.0,811.0
738.0,619.0,738.0
371.0,992.0,992.0
80.0,501.0,501.0
269.0,80.0,269.0
278.0,661.0,661.0
6.0,843.0,843.0
309.0,6.0,309.0
388.0,547.0,547.0
132.0,369.0,369.0
352.0,505.0,505.0
997.0,282.0,997.0
721.0,716.0,721.0
690.0,73.0,690.0
70.0,280.0,280.0
588.0,171.0,588.0
970.0,731.0,970.0
231.0,189.0,231.0
593.0,211.0,593.0
263.0,849.0,849.0
803.0,1.0,803.0
763.0,151.0,763.0
575.0,301.0,575.0
910.0,131.0,910.0
773.0,574.0,773.0
625.0,458.0,625.0
224.0,769.0,769.0
660.0,760.0,760.0
728.0,977.0,977.0
610.0,778.0,778.0
545.0,864.0,864.0
80.0,446.0,446.0
10.0,939.0,939.0
178.0,202.0,202.0
649.0,434.0,649.0
569.0,214.0,569.0
961.0,251.0,961.0
553.0,430.0,553.0
423.0,460.0,460.0
647.0,109.0,647.0
780.0,880.0,880.0
495.0,181.0,495.0
763.0,483.0,763.0
298.0,482.0,482.0
366.0,325.0,366.0
591.0,364.0,591.0
736.0,938.0,938.0
159.0,626.0,626.0
561.0,478.0,561.0
168.0,87.0,168.0
764.0,8.0,764.0
727.0,779.0,779.0
261.0,285.0,285.0
935.0,682.0,935.0
561.0,939.0,939.0
890.0,458.0,890.0
187.0,394.0,394.0
678.0,752.0,752.0
618.0,625.0,625.0
151.0,42.0,151.0
194.0,870.0,870.0
679.0,63.0,679.0
804.0,182.0,804.0
286.0,486.0,486.0
493.0,91.0,493.0
584.0,294.0,584.0
391.0,518.0,518.0
1000.0,350.0,1000.0
304.0,6.0,304.0
754.0,500.0,754.0
574.0,451.0,574.0
805.0,342.0,805.0
609.0,165.0,609.0
888.0,79.0,888.0
97.0,12.0,97.0
525.0,856.0,856.0
613.0,985.0,985.0
552.0,329.0,552.0
994.0,839.0,994.0
163.0,338.0,338.0
194.0,503.0,503.0
856.0,326.0,856.0
877.0,534.0,877.0
76.0,544.0,544.0
938.0,834.0,938.0
895.0,177.0,895.0
100.0,928.0,928.0
569.0,511.0,569.0
985.0,850.0,985.0
947.0,129.0,947.0
561.0,747.0,747.0
833.0,965.0,965.0
508.0,298.0,508.0
606.0,254.0,606.0
797.0,502.0,797.0
777.0,968.0,968.0
621.0,632.0,632.0
784.0,575.0,784.0
956.0,894.0,956.0
580.0,248.0,580.0
143.0,663.0,663.0
839.0,84.0,839.0
947.0,203.0,947.0
489.0,721.0,721.0
973.0,342.0,973.0
606.0,979.0,979.0
663.0,471.0,663.0
704.0,721.0,721.0
778.0,423.0,778.0
782.0,305.0,782.0
241.0,428.0,428.0
217.0,741.0,741.0
446.0,609.0,609.0
513.0,955.0,955.0
818.0,387.0,818.0
511.0,335.0,511.0
679.0,631.0,679.0
402.0,242.0,402.0
489.0,807.0,807.0
603.0,197.0,603.0
371.0,722.0,722.0
562.0,742.0,742.0
325.0,821.0,821.0
416.0,46.0,416.0
907.0,411.0,907.0
412.0,906.0,906.0
269.0,290.0,290.0
222.0,508.0,508.0
14.0,218.0,218.0
392.0,422.0,422.0
363.0,995.0,995.0
460.0,858.0,858.0
367.0,218.0,367.0
478.0,645.0,645.0
353.0,175.0,353.0
772.0,789.0,789.0
257.0,575.0,575.0
288.0,831.0,831.0
735.0,836.0,836.0
7.0,864.0,864.0
365.0,147.0,365.0
18.0,7.0,18.0
149.0,341.0,341.0
2.0,117.0,117.0
137.0,586.0,586.0
115.0,783.0,783.0
953.0,530.0,953.0
734.0,752.0,752.0
983.0,663.0,983.0
922.0,14.0,922.0
938.0,33.0,938.0
489.0,395.0,489.0
493.0,23.0,493.0
916.0,294.0,916.0
613.0,722.0,722.0
485.0,57.0,485.0
889.0,605.0,889.0
513.0,178.0,513.0
428.0,901.0,901.0
989.0,416.0,989.0
460.0,407.0,460.0
139.0,127.0,139.0
455.0,173.0,455.0
656.0,210.0,656.0
500.0,147.0,500.0
600.0,605.0,605.0
824.0,781.0,824.0
711.0,531.0,711.0
743.0,120.0,743.0
83.0,354.0,354.0
756.0,146.0,756.0
191.0,461.0,461.0
269.0,334.0,334.0
790.0,661.0,790.0
704.0,637.0,704.0
325.0,222.0,325.0
180.0,912.0,912.0
819.0,925.0,925.0
735.0,265.0,735.0
946.0,700.0,946.0
730.0,995.0,995.0
406.0,978.0,978.0
231.0,325.0,325.0
373.0,391.0,391.0
979.0,606.0,979.0
815.0,594.0,815.0
133.0,909.0,909.0
804.0,682.0,804.0
914.0,808.0,914.0
359.0,504.0,504.0
842.0,408.0,842.0
783.0,789.0,789.0
335.0,197.0,335.0
3.0,537.0,537.0
872.0,527.0,872.0
458.0,948.0,948.0
103.0,157.0,157.0
896.0,902.0,902.0
272.0,629.0,629.0
834.0,903.0,903.0
190.0,26.0,190.0
250.0,21.0,250.0
240.0,50.0,240.0
302.0,559.0,559.0
495.0,832.0,832.0
211.0,802.0,802.0
431.0,163.0,431.0
222.0,231.0,231.0
947.0,34.0,947.0
76.0,967.0,967.0
460.0,954.0,954.0
0.0,875.0,875.0
601.0,586.0,601.0
45.0,925.0,925.0
936.0,782.0,936.0
928.0,521.0,928.0
766.0,93.0,766.0
431.0,419.0,431.0
239.0,679.0,679.0
47.0,130.0,130.0
235.0,555.0,555.0
923.0,333.0,923.0
25.0,189.0,189.0
233.0,533.0,533.0
491.0,878.0,878.0
362.0,746.0,746.0
326.0,995.0,995.0
957.0,365.0,957.0
472.0,65.0,472.0
650.0,260.0,650.0
270.0,827.0,827.0
833.0,142.0,833.0
653.0,439.0,653.0
17.0,894.0,894.0
887.0,959.0,959.0
203.0,233.0,233.0
631.0,859.0,859.0
273.0,431.0,431.0
947.0,335.0,947.0
986.0,380.0,986.0
967.0,738.0,967.0
40.0,790.0,790.0
135.0,145.0,145.0
586.0,375.0,586.0
521.0,472.0,521.0
217.0,798.0,798.0
476.0,311.0,476.0
484.0,906.0,906.0
486.0,143.0,486.0
43.0,181.0,181.0
55.0,723.0,723.0
171.0,987.0,987.0
910.0,317.0,910.0
66.0,550.0,550.0
732.0,945.0,945.0
710.0,650.0,710.0
710.0,801.0,801.0
833.0,345.0,833.0
812.0,657.0,812.0
878.0,636.0,878.0
283.0,802.0,802.0
323.0,372.0,372.0
65.0,589.0,589.0
505.0,203.0,505.0
354.0,345.0,354.0
290.0,271.0,290.0
878.0,297.0,878.0
107.0,168.0,168.0
281.0,363.0,363.0
568.0,447.0,568.0
719.0,493.0,719.0
544.0,335.0,544.0
686.0,646.0,686.0
669.0,459.0,669.0
453.0,59.0,453.0
275.0,877.0,877.0
994.0,309.0,994.0
893.0,495.0,893.0
790.0,510.0,790.0
273.0,90.0,273.0
726.0,341.0,726.0
398.0,493.0,493.0
826.0,283.0,826.0
475.0,626.0,626.0
777.0,767.0,777.0
893.0,854.0,893.0
547.0,830.0,830.0
858.0,978.0,978.0
457.0,908.0,908.0
168.0,366.0,366.0
615.0,623.0,623.0
441.0,577.0,577.0
557.0,426.0,557.0
810.0,258.0,810.0
466.0,127.0,466.0
232.0,498.0,498.0
440.0,213.0,440.0
878.0,875.0,878.0
160.0,611.0,611.0
795.0,469.0,795.0
833.0,26.0,833.0
77.0,673.0,673.0
504.0,604.0,604.0
485.0,903.0,903.0
530.0,514.0,530.0
309.0,119.0,309.0
320.0,712.0,712.0
142.0,478.0,478.0
904.0,483.0,904.0
922.0,895.0,922.0
138.0,950.0,950.0
796.0,481.0,796.0
418.0,214.0,418.0
21.0,958.0,958.0
342.0,130.0,342.0
975.0,765.0,975.0
741.0,227.0,741.0
335.0,389.0,389.0
931.0,255.0,931.0
928.0,286.0,928.0
769.0,472.0,769.0
503.0,864.0,864.0
240.0,772.0,772.0
69.0,216.0,216.0
626.0,279.0,626.0
140.0,880.0,880.0
578.0,14.0,578.0
934.0,751.0,934.0
354.0,883.0,883.0
267.0,413.0,413.0
273.0,125.0,273.0
97.0,247.0,247.0
252.0,357.0,357.0
592.0,185.0,592.0
783.0,996.0,996.0
775.0,398.0,775.0
351.0,534.0,534.0
785.0,117.0,785.0
537.0,797.0,797.0
166.0,878.0,878.0
328.0,129.0,328.0
79.0,930.0,930.0
308.0,389.0,389.0
637.0,30.0,637.0
839.0,483.0,839.0
784.0,789.0,789.0
45.0,73.0,73.0
857.0,397.0,857.0
143.0,239.0,239.0
323.0,234.0,323.0
604.0,601.0,604.0
415.0,211.0,415.0
845.0,656.0,845.0
905.0,580.0,905.0
336.0,855.0,855.0
692.0,18.0,692.0
397.0,887.0,887.0
280.0,756.0,756.0
900.0,81.0,900.0
84.0,477.0,477.0
103.0,136.0,136.0
261.0,767.0,767.0
908.0,25.0,908.0
630.0,905.0,905.0
792.0,722.0,792.0
285.0,60.0,285.0
627.0,752.0,752.0
892.0,355.0,892.0
682.0,547.0,682.0
801.0,876.0,876.0
172.0,984.0,984.0
616.0,912.0,912.0
872.0,4.0,872.0
797.0,295.0,797.0
7.0,889.0,889.0
616.0,231.0,616.0
864.0,429.0,864.0
871.0,420.0,871.0
399.0,802.0,802.0
676.0,276.0,676.0
163.0,252.0,252.0
129.0,473.0,473.0
636.0,310.0,636.0
172.0,170.0,172.0
27.0,266.0,266.0
81.0,791.0,791.0
45.0,10.0,45.0
610.0,77.0,610.0
799.0,363.0,799.0
887.0,162.0,887.0
761.0,516.0,761.0
725.0,461.0,725.0
490.0,169.0,490.0
708.0,795.0,795.0
722.0,512.0,722.0
166.0,229.0,229.0
698.0,192.0,698.0
381.0,470.0,470.0
436.0,464.0,464.0
370.0,442.0,442.0
782.0,307.0,782.0
80.0,356.0,356.0
647.0,315.0,647.0
238.0,792.0,792.0
49.0,382.0,382.0
482.0,400.0,482.0
91.0,456.0,456.0
425.0,632.0,632.0
540.0,63.0,540.0
669.0,911.0,911.0
984.0,380.0,984.0
534.0,518.0,534.0
92.0,187.0,187.0
918.0,603.0,918.0
134.0,604.0,604.0
640.0,997.0,997.0
620.0,672.0,672.0
590.0,189.0,590.0
911.0,743.0,911.0
946.0,255.0,946.0
565.0,825.0,825.0
81.0,82.0,82.0
956.0,808.0,956.0
913.0,283.0,913.0
277.0,186.0,277.0
692.0,601.0,692.0
982.0,777.0,982.0
401.0,416.0,416.0
952.0,278.0,952.0
403.0,73.0,403.0
499.0,824.0,824.0
433.0,404.0,433.0
925.0,86.0,925.0
370.0,861.0,861.0
839.0,71.0,839.0
249.0,754.0,754.0
568.0,239.0,568.0
172.0,426.0,426.0
433.0,4.0,433.0
230.0,97.0,230.0
840.0,19.0,840.0
64.0,719.0,719.0
354.0,960.0,960.0
408.0,995.0,995.0
933.0,84.0,933.0
378.0,576.0,576.0
559.0,614.0,614.0
960.0,512.0,960.0
182.0,829.0,829.0
220.0,483.0,483.0
67.0,697.0,697.0
992.0,143.0,992.0
327.0,205.0,327.0
683.0,52.0,683.0
293.0,85.0,293.0
424.0,356.0,424.0
620.0,717.0,717.0
331.0,736.0,736.0
880.0,951.0,951.0
388.0,920.0,920.0
428.0,472.0,472.0
402.0,113.0,402.0
363.0,976.0,976.0
736.0,543.0,736.0
32.0,23.0,32.0
384.0,651.0,651.0
394.0,602.0,602.0
282.0,383.0,383.0
675.0,900.0,900.0
62.0,794.0,794.0
478.0,551.0,551.0
23.0,791.0,791.0
518.0,340.0,518.0
958.0,523.0,958.0
17.0,743.0,743.0
39.0,388.0,388.0
598.0,388.0,598.0
549.0,945.0,945.0
938.0,337.0,938.0
396.0,724.0,724.0
720.0,946.0,946.0
59.0,574.0,574.0
468.0,773.0,773.0
31.0,629.0,629.0
935.0,40.0,935.0
202.0,162.0,202.0
216.0,91.0,216.0
635.0,442.0,635.0
117.0,263.0,263.0
32.0,337.0,337.0
144.0,663.0,663.0
686.0,856.0,856.0
577.0,83.0,577.0
981.0,308.0,981.0
133.0,598.0,598.0
153.0,162.0,162.0
699.0,491.0,699.0
621.0,257.0,621.0
613.0,490.0,613.0
426.0,897.0,897.0
934.0,472.0,934.0
186.0,126.0,186.0
825.0,954.0,954.0
583.0,789.0,789.0
299.0,587.0,587.0
50.0,291.0,291.0
54.0,151.0,151.0
369.0,782.0,782.0
261.0,862.0,862.0
108.0,179.0,179.0
386.0,56.0,386.0
490.0,748.0,748.0
420.0,882.0,882.0
316.0,629.0,629.0
502.0,338.0,502.0
97.0,828.0,828.0
408.0,609.0,609.0
808.0,575.0,808.0
195.0,886.0,886.0
948.0,758.0,948.0
866.0,209.0,866.0
334.0,260.0,334.0
216.0,168.0,216.0
184.0,571.0,571.0
533.0,161.0,533.0
831.0,31.0,831.0
306.0,646.0,646.0
916.0,938.0,938.0
192.0,361.0,361.0
302.0,945.0,945.0
223.0,825.0,825.0
705.0,258.0,705.0
112.0,88.0,112.0
259.0,385.0,385.0
129.0,613.0,613.0
511.0,854.0,854.0
140.0,667.0,667.0
161.0,166.0,166.0
897.0,644.0,897.0
684.0,32.0,684.0
923.0,87.0,923.0
826.0,961.0,961.0
278.0,977.0,977.0
361.0,690.0,690.0
209.0,719.0,719.0
455.0,823.0,823.0
295.0,688.0,688.0
181.0,273.0,273.0
761.0,131.0,761.0
611.0,514.0,611.0
804.0,156.0,804.0
222.0,402.0,402.0
179.0,677.0,677.0
180.0,761.0,761.0
291.0,241.0,291.0
258.0,805.0,805.0
242.0,4.0,242.0
443.0,810.0,810.0
992.0,72.0,992.0
887.0,159.0,887.0
694.0,72.0,694.0
899.0,288.0,899.0
275.0,537.0,537.0
68.0,199.0,199.0
469.0,999.0,999.0
292.0,21.0,292.0
34.0,13.0,34.0
613.0,901.0,901.0
235.0,1000.0,1000.0
240.0,859.0,859.0
333.0,603.0,603.0
276.0,984.0,984.0
858.0,209.0,858.0
786.0,463.0,786.0
446.0,485.0,485.0
44.0,450.0,450.0
3.0,191.0,191.0
673.0,884.0,884.0
960.0,616.0,960.0
217.0,392.0,392.0
337.0,460.0,460.0
78.0,767.0,767.0
514.0,103.0,514.0
913.0,904.0,913.0
110.0,750.0,750.0
41.0,613.0,613.0
621.0,299.0,621.0
904.0,784.0,904.0
201.0,517.0,517.0
355.0,573.0,573.0
985.0,563.0,985.0
142.0,976.0,976.0
730.0,189.0,730.0
239.0,312.0,312.0
364.0,184.0,364.0
923.0,945.0,945.0
894.0,548.0,894.0
23.0,526.0,526.0
467.0,660.0,660.0
566.0,757.0,757.0
951.0,944.0,951.0
629.0,388.0,629.0
758.0,574.0,758.0
888.0,582.0,888.0
931.0,908.0,931.0
727.0,309.0,727.0
371.0,957.0,957.0
861.0,320.0,861.0
104.0,261.0,261.0
782.0,104.0,782.0
879.0,135.0,879.0
485.0,934.0,934.0
275.0,291.0,291.0
251.0,346.0,346.0
478.0,987.0,987.0
776.0,531.0,776.0
103.0,281.0,281.0
676.0,897.0,897.0
51.0,15.0,51.0
699.0,459.0,699.0
688.0,222.0,688.0
979.0,251.0,979.0
667.0,308.0,667.0
391.0,579.0,579.0
988.0,61.0,988.0
118.0,386.0,386.0
935.0,173.0,935.0
223.0,242.0,242.0
366.0,799.0,799.0
750.0,409.0,750.0
3.0,463.0,463.0
379.0,328.0,379.0
902.0,755.0,902.0
963.0,546.0,963.0
548.0,386.0,548.0
75.0,74.0,75.0
382.0,1000.0,1000.0
305.0,42.0,305.0
839.0,18.0,839.0
685.0,254.0,685.0
318.0,474.0,474.0
362.0,31.0,362.0
103.0,918.0,918.0
46.0,584.0,584.0
806.0,495.0,806.0
810.0,689.0,810.0
972.0,458.0,972.0
5.0,745.0,745.0
89.0,873.0,873.0
901.0,984.0,984.0
140.0,162.0,162.0
312.0,755.0,755.0
72.0,486.0,486.0
321.0,684.0,684.0
570.0,365.0,570.0
797.0,290.0,797.0
977.0,799.0,977.0
714.0,909.0,909.0
731.0,899.0,899.0
277.0,650.0,650.0
834.0,282.0,834.0
961.0,884.0,961.0
306.0,683.0,683.0
845.0,292.0,845.0
293.0,653.0,653.0
399.0,770.0,770.0
359.0,158.0,359.0
369.0,882.0,882.0
148.0,856.0,856.0
419.0,261.0,419.0
993.0,490.0,993.0
713.0,90.0,713.0
636.0,771.0,771.0
532.0,733.0,733.0
756.0,757.0,757.0
815.0,304.0,815.0
67.0,74.0,74.0
463.0,60.0,463.0
587.0,413.0,587.0
297.0,192.0,297.0
764.0,454.0,764.0
668.0,883.0,883.0
857.0,577.0,857.0
505.0,369.0,505.0
252.0,748.0,748.0
492.0,290.0,492.0
281.0,571.0,571.0
25.0,769.0,769.0
516.0,921.0,921.0
930.0,57.0,930.0
828.0,154.0,828.0
403.0,699.0,699.0
921.0,484.0,921.0
923.0,15.0,923.0
731.0,868.0,868.0
234.0,434.0,434.0
141.0,811.0,811.0
961.0,715.0,961.0
184.0,667.0,667.0
604.0,383.0,604.0
565.0,10.0,565.0
705.0,945.0,945.0
260.0,552.0,552.0
575.0,488.0,575.0
727.0,62.0,727.0
856.0,423.0,856.0
727.0,625.0,727.0
37.0,51.0,51.0
245.0,620.0,620.0
566.0,557.0,566.0
333.0,315.0,333.0
366.0,548.0,548.0
771.0,186.0,771.0
347.0,743.0,743.0
277.0,827.0,827.0
23.0,608.0,608.0
912.0,21.0,912.0
193.0,584.0,584.0
400.0,905.0,905.0
365.0,805.0,805.0
157.0,795.0,795.0
114.0,37.0,114.0
272.0,147.0,272.0
260.0,807.0,807.0
889.0,744.0,889.0
388.0,385.0,388.0
714.0,424.0,714.0
15.0,804.0,804.0
676.0,718.0,718.0
179.0,13.0,179.0
679.0,22.0,679.0
830.0,681.0,830.0
597.0,411.0,597.0
475.0,685.0,685.0
361.0,918.0,918.0
110.0,691.0,691.0
749.0,82.0,749.0
461.0,826.0,826.0
472.0,971.0,971.0
879.0,270.0,879.0
957.0,726.0,957.0
272.0,260.0,272.0
605.0,463.0,605.0
437.0,796.0,796.0
401.0,102.0,401.0
118.0,188.0,188.0
490.0,294.0,490.0
54.0,586.0,586.0
511.0,892.0,892.0
343.0,17.0,343.0
664.0,623.0,664.0
524.0,664.0,664.0
652.0,112.0,652.0
689.0,943.0,943.0
621.0,926.0,926.0
828.0,41.0,828.0
167.0,267.0,267.0
940.0,301.0,940.0
674.0,265.0,674.0
1.0,890.0,890.0
796.0,549.0,796.0
579.0,782.0,782.0
761.0,546.0,761.0
562.0,40.0,562.0
325.0,660.0,660.0
429.0,337.0,429.0
797.0,690.0,797.0
814.0,48.0,814.0
820.0,194.0,820.0
113.0,74.0,113.0
653.0,563.0,653.0
702.0,896.0,896.0
112.0,18.0,112.0
994.0,760.0,994.0
877.0,850.0,877.0
386.0,790.0,790.0
616.0,974.0,974.0
488.0,547.0,547.0
203.0,796.0,796.0
135.0,498.0,498.0
298.0,992.0,992.0
280.0,980.0,980.0
535.0,134.0,535.0
941.0,735.0,941.0
3.0,375.0,375.0
826.0,418.0,826.0
991.0,871.0,991.0
554.0,59.0,554.0
15.0,741.0,741.0
778.0,384.0,778.0
18.0,990.0,990.0
746.0,289.0,746.0
33.0,43.0,43.0
767.0,431.0,767.0
745.0,926.0,926.0
957.0,864.0,957.0
446.0,629.0,629.0
932.0,795.0,932.0
818.0,337.0,818.0
69.0,432.0,432.0
957.0,603.0,957.0
184.0,428.0,428.0
215.0,600.0,600.0
957.0,11.0,957.0
442.0,296.0,442.0
83.0,140.0,140.0
631.0,448.0,631.0
871.0,636.0,871.0
418.0,764.0,764.0
888.0,965.0,965.0
622.0,214.0,622.0
500.0,807.0,807.0
426.0,479.0,479.0
375.0,765.0,765.0
537.0,509.0,537.0
212.0,859.0,859.0
7.0,296.0,296.0
754.0,740.0,754.0
2.0,665.0,665.0
463.0,880.0,880.0
819.0,401.0,819.0
754.0,742.0,754.0
680.0,874.0,874.0
940.0,404.0,940.0
705.0,421.0,705.0
909.0,459.0,909.0
450.0,377.0,450.0
59.0,135.0,135.0
810.0,44.0,810.0
10.0,160.0,160.0
687.0,868.0,868.0
993.0,566.0,993.0
813.0,582.0,813.0
971.0,859.0,971.0
271.0,416.0,416.0
77.0,331.0,331.0
23.0,524.0,524.0
165.0,574.0,574.0
343.0,713.0,713.0
341.0,225.0,341.0
83.0,160.0,160.0
143.0,821.0,821.0
931.0,684.0,931.0
432.0,709.0,709.0
196.0,23.0,196.0
172.0,468.0,468.0
952.0,664.0,952.0
965.0,639.0,965.0
28.0,162.0,162.0
573.0,46.0,573.0
726.0,62.0,726.0
891.0,214.0,891.0
944.0,508.0,944.0
173.0,381.0,381.0
237.0,883.0,883.0
605.0,521.0,605.0
914.0,863.0,914.0
841.0,230.0,841.0
72.0,606.0,606.0
286.0,794.0,794.0
258.0,702.0,702.0
431.0,679.0,679.0
0.0,315.0,315.0
352.0,768.0,768.0
99.0,659.0,659.0
492.0,766.0,766.0
75.0,245.0,245.0
459.0,89.0,459.0
523.0,389.0,523.0
742.0,132.0,742.0
368.0,233.0,368.0
320.0,824.0,824.0
359.0,867.0,867.0
744.0,476.0,744.0
258.0,788.0,788.0
164.0,648.0,648.0
489.0,12.0,489.0
509.0,855.0,855.0
967.0,526.0,967.0
847.0,406.0,847.0
241.0,622.0,622.0
790.0,816.0,816.0
236.0,60.0,236.0
79.0,933.0,933.0
176.0,576.0,576.0
401.0,512.0,512.0
928.0,780.0,928.0
84.0,336.0,336.0
145.0,353.0,353.0
316.0,643.0,643.0
422.0,717.0,717.0
991.0,8.0,991.0
480.0,274.0,480.0
218.0,399.0,399.0
948.0,237.0,948.0
758.0,227.0,758.0
183.0,947.0,947.0
585.0,84.0,585.0
400.0,531.0,531.0
593.0,778.0,778.0
527.0,569.0,569.0
138.0,88.0,138.0
301.0,479.0,479.0
240.0,567.0,567.0
624.0,530.0,624.0
625.0,601.0,625.0
724.0,289.0,724.0
590.0,747.0,747.0
733.0,833.0,833.0
135.0,698.0,698.0
241.0,79.0,241.0
351.0,38.0,351.0
579.0,611.0,611.0
486.0,920.0,920.0
206.0,617.0,617.0
508.0,739.0,739.0
826.0,931.0,931.0
777.0,101.0,777.0
584.0,61.0,584.0
425.0,588.0,588.0
833.0,278.0,833.0
44.0,152.0,152.0
305.0,237.0,305.0
432.0,901.0,901.0
603.0,170.0,603.0
267.0,22.0,267.0
239.0,612.0,612.0
743.0,462.0,743.0
542.0,387.0,542.0
716.0,634.0,716.0
741.0,170.0,741.0
905.0,217.0,905.0
72.0,561.0,561.0
681.0,353.0,681.0
262.0,860.0,860.0
832.0,279.0,832.0
460.0,694.0,694.0
543.0,853.0,853.0
620.0,256.0,620.0
53.0,906.0,906.0
768.0,365.0,768.0
900.0,628.0,900.0
830.0,718.0,830.0
285.0,210.0,285.0
871.0,190.0,871.0
530.0,901.0,901.0
209.0,344.0,344.0
901.0,356.0,901.0
41.0,77.0,77.0
849.0,513.0,849.0
883.0,337.0,883.0
976.0,798.0,976.0
438.0,959.0,959.0
677.0,491.0,677.0
737.0,339.0,737.0
541.0,150.0,541.0
593.0,967.0,967.0
107.0,692.0,692.0
429.0,809.0,809.0
655.0,633.0,655.0
288.0,23.0,288.0
932.0,677.0,932.0
145.0,745.0,745.0
874.0,378.0,874.0
565.0,111.0,565.0
38.0,189.0,189.0
216.0,724.0,724.0
371.0,993.0,993.0
36.0,536.0,536.0
877.0,901.0,901.0
936.0,212.0,936.0
31.0,439.0,439.0
486.0,720.0,720.0
8.0,814.0,814.0
946.0,267.0,946.0
149.0,212.0,212.0
811.0,668.0,811.0
794.0,772.0,794.0
334.0,229.0,334.0
811.0,366.0,811.0
742.0,221.0,742.0
592.0,160.0,592.0
960.0,984.0,984.0
597.0,697.0,697.0
998.0,204.0,998.0
153.0,445.0,445.0
547.0,103.0,547.0
350.0,300.0,350.0
392.0,982.0,982.0
391.0,610.0,610.0
556.0,721.0,721.0
729.0,647.0,729.0
617.0,333.0,617.0
631.0,590.0,631.0
46.0,432.0,432.0
690.0,129.0,690.0
512.0,850.0,850.0
190.0,317.0,317.0
548.0,609.0,609.0
819.0,358.0,819.0
938.0,721.0,938.0
643.0,372.0,643.0
793.0,434.0,793.0
347.0,333.0,347.0
611.0,572.0,611.0
677.0,577.0,677.0
132.0,925.0,925.0
323.0,90.0,323.0
95.0,41.0,95.0
65.0,100.0,100.0
458.0,963.0,963.0
158.0,946.0,946.0
413.0,587.0,587.0
40.0,644.0,644.0
515.0,562.0,562.0
490.0,38.0,490.0
377.0,70.0,377.0
85.0,438.0,438.0
811.0,643.0,811.0
560.0,699.0,699.0
292.0,49.0,292.0
400.0,821.0,821.0
715.0,227.0,715.0
869.0,45.0,869.0
167.0,586.0,586.0
21.0,842.0,842.0
54.0,470.0,470.0
166.0,201.0,201.0
158.0,41.0,158.0
319.0,855.0,855.0
448.0,941.0,941.0
127.0,236.0,236.0
558.0,529.0,558.0
859.0,423.0,859.0
118.0,525.0,525.0
741.0,971.0,971.0
544.0,827.0,827.0
745.0,509.0,745.0
113.0,987.0,987.0
697.0,162.0,697.0
234.0,298.0,298.0
79.0,441.0,441.0
599.0,657.0,657.0
455.0,410.0,455.0
394.0,467.0,467.0
821.0,9.0,821.0
728.0,885.0,885.0
488.0,783.0,783.0
433.0,800.0,800.0
401.0,386.0,401.0
585.0,747.0,747.0
887.0,477.0,887.0
655.0,531.0,655.0
448.0,142.0,448.0
369.0,882.0,882.0
347.0,239.0,347.0
266.0,36.0,266.0
300.0,942.0,942.0
294.0,32.0,294.0
484.0,483.0,484.0
235.0,158.0,235.0
334.0,952.0,952.0
598.0,385.0,598.0
251.0,376.0,376.0
773.0,969.0,969.0
630.0,321.0,630.0
865.0,134.0,865.0
977.0,43.0,977.0
389.0,975.0,975.0
565.0,237.0,565.0
893.0,958.0,958.0
318.0,700.0,700.0
981.0,734.0,981.0
630.0,107.0,630.0
797.0,121.0,797.0
123.0,586.0,586.0
999.0,418.0,999.0
889.0,38.0,889.0
836.0,789.0,836.0
631.0,999.0,999.0
405.0,749.0,749.0
226.0,840.0,840.0
855.0,535.0,855.0
302.0,808.0,808.0
208.0,693.0,693.0
134.0,991.0,991.0
237.0,627.0,627.0
685.0,936.0,936.0
879.0,543.0,879.0
724.0,597.0,724.0
169.0,832.0,832.0
950.0,372.0,950.0
123.0,559.0,559.0
236.0,932.0,932.0
8.0,104.0,104.0
290.0,715.0,715.0
802.0,350.0,802.0
646.0,864.0,864.0
467.0,396.0,467.0
869.0,299.0,869.0
518.0,469.0,518.0
379.0,197.0,379.0
930.0,8.0,930.0
152.0,367.0,367.0
644.0,710.0,710.0
830.0,991.0,991.0
622.0,406.0,622.0
428.0,296.0,428.0
646.0,648.0,648.0
4.0,974.0,974.0
250.0,459.0,459.0
654.0,349.0,654.0
821.0,877.0,877.0
260.0,700.0,700.0
789.0,107.0,789.0
0.0,425.0,425.0
339.0,0.0,339.0
511.0,886.0,886.0
666.0,194.0,666.0
678.0,762.0,762.0
6.0,79.0,79.0
953.0,457.0,953.0
846.0,922.0,922.0
756.0,346.0,756.0
547.0,857.0,857.0
173.0,956.0,956.0
663.0,465.0,663.0
884.0,646.0,884.0
473.0,578.0,578.0
746.0,592.0,746.0
922.0,142.0,922.0
701.0,705.0,705.0
599.0,200.0,599.0
552.0,963.0,963.0
118.0,488.0,488.0
532.0,132.0,532.0
207.0,771.0,771.0
629.0,345.0,629.0
609.0,754.0,754.0
360.0,234.0,360.0
370.0,97.0,370.0
954.0,695.0,954.0
269.0,564.0,564.0
232.0,546.0,546.0
165.0,474.0,474.0
937.0,331.0,937.0
38.0,476.0,476.0
993.0,273.0,993.0
948.0,641.0,948.0
161.0,596.0,596.0
928.0,76.0,928.0
721.0,292.0,721.0
623.0,654.0,654.0
185.0,402.0,402.0
135.0,964.0,964.0
190.0,327.0,327.0
342.0,709.0,709.0
480.0,367.0,480.0
580.0,167.0,580.0
765.0,228.0,765.0
447.0,437.0,447.0
868.0,849.0,868.0
284.0,868.0,868.0
976.0,81.0,976.0
16.0,484.0,484.0
19.0,839.0,839.0
834.0,737.0,834.0
930.0,227.0,930.0
908.0,477.0,908.0
513.0,588.0,588.0
992.0,592.0,992.0
804.0,412.0,804.0
299.0,34.0,299.0
647.0,235.0,647.0
536.0,419.0,536.0
730.0,296.0,730.0
793.0,383.0,793.0
644.0,657.0,657.0
200.0,399.0,399.0
564.0,490.0,564.0
188.0,290.0,290.0
95.0,903.0,903.0
742.0,580.0,742.0
289.0,781.0,781.0
928.0,918.0,928.0
983.0,34.0,983.0
807.0,155.0,807.0
308.0,294.0,308.0
627.0,105.0,627.0
494.0,348.0,494.0
528.0,637.0,637.0
711.0,147.0,711.0
297.0,979.0,979.0
961.0,717.0,961.0
319.0,888.0,888.0
620.0,920.0,920.0
682.0,948.0,948.0
468.0,287.0,468.0
563.0,219.0,563.0
660.0,29.0,660.0
662.0,314.0,662.0
625.0,844.0,844.0
604.0,820.0,820.0
636.0,935.0,935.0
291.0,76.0,291.0
748.0,173.0,748.0
406.0,807.0,807.0
821.0,331.0,821.0
381.0,686.0,686.0
144.0,665.0,665.0
655.0,535.0,655.0
80.0,11.0,80.0
499.0,101.0,499.0
881.0,437.0,881.0
242.0,913.0,913.0
677.0,414.0,677.0
23.0,208.0,208.0
979.0,810.0,979.0
801.0,786.0,801.0
889.0,418.0,889.0
652.0,170.0,652.0
561.0,839.0,839.0
666.0,903.0,903.0
818.0,435.0,818.0
606.0,596.0,606.0
905.0,322.0,905.0
937.0,472.0,937.0
786.0,646.0,786.0
179.0,586.0,586.0
729.0,770.0,770.0
538.0,368.0,538.0
605.0,233.0,605.0
636.0,999.0,999.0
157.0,807.0,807.0
205.0,849.0,849.0
37.0,103.0,103.0
917.0,160.0,917.0
380.0,31.0,380.0
870.0,8.0,870.0
944.0,69.0,944.0
61.0,218.0,218.0
867.0,273.0,867.0
582.0,803.0,803.0
381.0,171.0,381.0
773.0,82.0,773.0
345.0,574.0,574.0
436.0,933.0,933.0
728.0,211.0,728.0
75.0,798.0,798.0
300.0,113.0,300.0
964.0,595.0,964.0
683.0,100.0,683.0
222.0,67.0,222.0
169.0,884.0,884.0
60.0,45.0,60.0
106.0,793.0,793.0
97.0,98.0,98.0
587.0,392.0,587.0
179.0,631.0,631.0
735.0,336.0,735.0
960.0,496.0,960.0
519.0,402.0,519.0
484.0,885.0,885.0
484.0,625.0,625.0
537.0,402.0,537.0
98.0,122.0,122.0
611.0,386.0,611.0
550.0,477.0,550.0
809.0,274.0,809.0
537.0,658.0,658.0
545.0,883.0,883.0
174.0,631.0,631.0
682.0,978.0,978.0
690.0,701.0,701.0
449.0,872.0,872.0
223.0,492.0,492.0
755.0,581.0,755.0
320.0,706.0,706.0
42.0,391.0,391.0
582.0,458.0,582.0
293.0,120.0,293.0
529.0,629.0,629.0
338.0,165.0,338.0
482.0,136.0,482.0
819.0,173.0,819.0
51.0,275.0,275.0
119.0,809.0,809.0
390.0,576.0,576.0
945.0,821.0,945.0
670.0,186.0,670.0
107.0,306.0,306.0
61.0,193.0,193.0
916.0,544.0,916.0
548.0,26.0,548.0
165.0,577.0,577.0
766.0,590.0,766.0
811.0,526.0,811.0
450.0,639.0,639.0
828.0,346.0,828.0
165.0,900.0,900.0
421.0,284.0,421.0
376.0,648.0,648.0
630.0,928.0,928.0
908.0,516.0,908.0
365.0,425.0,425.0
828.0,423.0,828.0
277.0,696.0,696.0
232.0,333.0,333.0
243.0,532.0,532.0
679.0,288.0,679.0
78.0,499.0,499.0
538.0,774.0,774.0
676.0,418.0,676.0
948.0,318.0,948.0
878.0,149.0,878.0
818.0,896.0,896.0
30.0,380.0,380.0
671.0,947.0,947.0
65.0,553.0,553.0
638.0,243.0,638.0
314.0,537.0,537.0
928.0,152.0,928.0
617.0,772.0,772.0
889.0,556.0,889.0
249.0,38.0,249.0
71.0,6.0,71.0
274.0,209.0,274.0
214.0,336.0,336.0
617.0,342.0,617.0
894.0,689.0,894.0
769.0,774.0,774.0
413.0,8.0,413.0
245.0,970.0,970.0
689.0,487.0,689.0
623.0,495.0,623.0
647.0,230.0,647.0
207.0,710.0,710.0
713.0,284.0,713.0
203.0,339.0,339.0
731.0,619.0,731.0
829.0,818.0,829.0
441.0,349.0,441.0
237.0,473.0,473.0
362.0,560.0,560.0
602.0,883.0,883.0
847.0,695.0,847.0
80.0,317.0,317.0
48.0,563.0,563.0
872.0,854.0,872.0
320.0,138.0,320.0
152.0,269.0,269.0
213.0,299.0,299.0
344.0,162.0,344.0
857.0,145.0,857.0
690.0,263.0,690.0
934.0,480.0,934.0
495.0,324.0,495.0
510.0,105.0,510.0
985.0,958.0,985.0
431.0,233.0,431.0
951.0,800.0,951.0
843.0,676.0,843.0
817.0,211.0,817.0
50.0,97.0,97.0
193.0,600.0,600.0
179.0,649.0,649.0
290.0,552.0,552.0
37.0,550.0,550.0
338.0,602.0,602.0
15.0,237.0,237.0
420.0,941.0,941.0
469.0,31.0,469.0
894.0,977.0,977.0
897.0,756.0,897.0
652.0,785.0,785.0
705.0,847.0,847.0
857.0,438.0,857.0
32.0,472.0,472.0
251.0,531.0,531.0
143.0,934.0,934.0
93.0,36.0,93.0
675.0,89.0,675.0
104.0,149.0,149.0
944.0,34.0,944.0
177.0,204.0,204.0
781.0,559.0,781.0
717.0,895.0,895.0
371.0,807.0,807.0
604.0,893.0,893.0
534.0,296.0,534.0
381.0,871.0,871.0
826.0,170.0,826.0
384.0,181.0,384.0
429.0,73.0,429.0
613.0,364.0,613.0
778.0,796.0,796.0
640.0,169.0,640.0
150.0,797.0,797.0
730.0,880.0,880.0
155.0,871.0,871.0
2.0,197.0,197.0
188.0,624.0,624.0
772.0,678.0,772.0
925.0,350.0,925.0
338.0,488.0,488.0
135.0,610.0,610.0
981.0,108.0,981.0
105.0,265.0,265.0
759.0,481.0,759.0
390.0,187.0,390.0
257.0,636.0,636.0
754.0,401.0,754.0
641.0,314.0,641.0
596.0,198.0,596.0
940.0,813.0,940.0
609.0,880.0,880.0
496.0,563.0,563.0
318.0,79.0,318.0
234.0,270.0,270.0
177.0,402.0,402.0
603.0,544.0,603.0
971.0,111.0,971.0
982.0,620.0,982.0
588.0,761.0,761.0
807.0,341.0,807.0
667.0,678.0,678.0
690.0,612.0,690.0
380.0,166.0,380.0
385.0,490.0,490.0
828.0,409.0,828.0
570.0,346.0,570.0
34.0,954.0,954.0
319.0,415.0,415.0
648.0,884.0,884.0
72.0,389.0,389.0
418.0,786.0,786.0
556.0,642.0,642.0
806.0,895.0,895.0
550.0,698.0,698.0
948.0,724.0,948.0
713.0,132.0,713.0
285.0,169.0,285.0
514.0,510.0,514.0
321.0,38.0,321.0
718.0,999.0,999.0
262.0,102.0,262.0
613.0,939.0,939.0
199.0,18.0,199.0
346.0,987.0,987.0
311.0,675.0,675.0
647.0,597.0,647.0
443.0,874.0,874.0
269.0,150.0,269.0
586.0,797.0,797.0
467.0,496.0,496.0
165.0,476.0,476.0
531.0,356.0,531.0
41.0,951.0,951.0
316.0,546.0,546.0
861.0,302.0,861.0
788.0,10.0,788.0
920.0,586.0,920.0
925.0,299.0,925.0
470.0,822.0,822.0
82.0,674.0,674.0
82.0,531.0,531.0
828.0,455.0,828.0
303.0,422.0,422.0
417.0,390.0,417.0
328.0,139.0,328.0
583.0,792.0,792.0
876.0,828.0,876.0
103.0,276.0,276.0
733.0,661.0,733.0
67.0,886.0,886.0
680.0,942.0,942.0
102.0,992.0,992.0
453.0,679.0,679.0
688.0,891.0,891.0
339.0,935.0,935.0
480.0,553.0,553.0
992.0,213.0,992.0
627.0,903.0,903.0
139.0,180.0,180.0
230.0,343.0,343.0
427.0,115.0,427.0
368.0,868.0,868.0
724.0,163.0,724.0
14.0,750.0,750.0
746.0,589.0,746.0
489.0,451.0,489.0
406.0,379.0,406.0
2.0,662.0,662.0
817.0,869.0,869.0
392.0,813.0,813.0
636.0,251.0,636.0
326.0,747.0,747.0
258.0,572.0,572.0
534.0,40.0,534.0
979.0,50.0,979.0
144.0,410.0,410.0
387.0,479.0,479.0
634.0,41.0,634.0
521.0,407.0,521.0
183.0,490.0,490.0
57.0,722.0,722.0
246.0,136.0,246.0
914.0,444.0,914.0
806.0,7.0,806.0
328.0,796.0,796.0
308.0,354.0,354.0
161.0,545.0,545.0
83.0,448.0,448.0
960.0,930.0,960.0
116.0,283.0,283.0
433.0,47.0,433.0
20.0,143.0,143.0
105.0,453.0,453.0
57.0,311.0,311.0
176.0,333.0,333.0
185.0,44.0,185.0
844.0,489.0,844.0
973.0,319.0,973.0
759.0,796.0,796.0
227.0,221.0,227.0
459.0,362.0,459.0
68.0,802.0,802.0
747.0,287.0,747.0
255.0,832.0,832.0
11.0,474.0,474.0
209.0,184.0,209.0
283.0,62.0,283.0
466.0,52.0,466.0
368.0,581.0,581.0
458.0,792.0,792.0
143.0,545.0,545.0
365.0,87.0,365.0
204.0,40.0,204.0
580.0,309.0,580.0
444.0,879.0,879.0
799.0,31.0,799.0
711.0,235.0,711.0
168.0,600.0,600.0
927.0,564.0,927.0
672.0,387.0,672.0
673.0,632.0,673.0
304.0,437.0,437.0
827.0,783.0,827.0
9.0,514.0,514.0
689.0,278.0,689.0
777.0,529.0,777.0
171.0,118.0,171.0
758.0,333.0,758.0
418.0,384.0,418.0
736.0,35.0,736.0
629.0,209.0,629.0
685.0,520.0,685.0
654.0,969.0,969.0
853.0,62.0,853.0
696.0,498.0,696.0
862.0,650.0,862.0
220.0,683.0,683.0
954.0,200.0,954.0
588.0,939.0,939.0
934.0,486.0,934.0
294.0,138.0,294.0
585.0,710.0,710.0
718.0,744.0,744.0
372.0,495.0,495.0
481.0,896.0,896.0
288.0,160.0,288.0
826.0,511.0,826.0
154.0,310.0,310.0
386.0,758.0,758.0
94.0,683.0,683.0
578.0,328.0,578.0
149.0,137.0,149.0
896.0,74.0,896.0
319.0,996.0,996.0
419.0,727.0,727.0
105.0,869.0,869.0
733.0,764.0,764.0
151.0,607.0,607.0
88.0,656.0,656.0
463.0,362.0,463.0
456.0,991.0,991.0
175.0,383.0,383.0
375.0,218.0,375.0
391.0,117.0,391.0
991.0,790.0,991.0
575.0,383.0,575.0
376.0,624.0,624.0
796.0,24.0,796.0
126.0,835.0,835.0
490.0,912.0,912.0
710.0,196.0,710.0
54.0,154.0,154.0
249.0,42.0,249.0
103.0,706.0,706.0
354.0,490.0,490.0
639.0,324.0,639.0
759.0,844.0,844.0
266.0,739.0,739.0
75.0,492.0,492.0
694.0,93.0,694.0
638.0,949.0,949.0
68.0,18.0,68.0
567.0,844.0,844.0
449.0,576.0,576.0
487.0,763.0,763.0
686.0,560.0,686.0
446.0,753.0,753.0
833.0,99.0,833.0
265.0,259.0,265.0
638.0,704.0,704.0
66.0,501.0,501.0
242.0,670.0,670.0
442.0,741.0,741.0
48.0,571.0,571.0
659.0,288.0,659.0
807.0,813.0,813.0
342.0,355.0,355.0
628.0,950.0,950.0
785.0,451.0,785.0
408.0,27.0,408.0
743.0,101.0,743.0
590.0,847.0,847.0
22.0,732.0,732.0
272.0,547.0,547.0
136.0,951.0,951.0
104.0,343.0,343.0
977.0,568.0,977.0
945.0,613.0,945.0
871.0,773.0,871.0
974.0,232.0,974.0
216.0,389.0,389.0
68.0,194.0,194.0
689.0,983.0,983.0
810.0,582.0,810.0
881.0,785.0,881.0
243.0,634.0,634.0
846.0,49.0,846.0
968.0,368.0,968.0
355.0,220.0,355.0
708.0,708.0,708.0
499.0,955.0,955.0
62.0,885.0,885.0
975.0,669.0,975.0
704.0,909.0,909.0
770.0,826.0,826.0
967.0,856.0,967.0
423.0,141.0,423.0
647.0,410.0,647.0
384.0,828.0,828.0
62.0,793.0,793.0
441.0,804.0,804.0
282.0,902.0,902.0
861.0,832.0,861.0
35.0,909.0,909.0
112.0,109.0,112.0
544.0,548.0,548.0
860.0,253.0,860.0
890.0,29.0,890.0
410.0,55.0,410.0
52.0,939.0,939.0
349.0,186.0,349.0
526.0,673.0,673.0
251.0,453.0,453.0
94.0,635.0,635.0
950.0,344.0,950.0
22.0,204.0,204.0
301.0,3.0,301.0
112.0,146.0,146.0
17.0,882.0,882.0
263.0,248.0,263.0
244.0,526.0,526.0
185.0,743.0,743.0
597.0,86.0,597.0
848.0,915.0,915.0
86.0,720.0,720.0
598.0,769.0,769.0
61.0,946.0,946.0
478.0,107.0,478.0
929.0,40.0,929.0
789.0,286.0,789.0
280.0,111.0,280.0
547.0,231.0,547.0
724.0,629.0,724.0
782.0,628.0,782.0
385.0,779.0,779.0
582.0,339.0,582.0
65.0,800.0,800.0
682.0,513.0,682.0
687.0,579.0,687.0
253.0,927.0,927.0
876.0,477.0,876.0
633.0,66.0,633.0
123.0,377.0,377.0
555.0,839.0,839.0
585.0,915.0,915.0
797.0,649.0,797.0
231.0,685.0,685.0
71.0,631.0,631.0
317.0,116.0,317.0
74.0,569.0,569.0
276.0,273.0,276.0
586.0,157.0,586.0
444.0,34.0,444.0
638.0,75.0,638.0
354.0,972.0,972.0
572.0,717.0,717.0
429.0,514.0,514.0
754.0,998.0,998.0
169.0,726.0,726.0
895.0,884.0,895.0
692.0,523.0,692.0
872.0,572.0,872.0
611.0,559.0,611.0
156.0,204.0,204.0
776.0,101.0,776.0
341.0,386.0,386.0
356.0,569.0,569.0
974.0,97.0,974.0
303.0,767.0,767.0
113.0,411.0,411.0
828.0,697.0,828.0
648.0,884.0,884.0
139.0,371.0,371.0
794.0,777.0,794.0
215.0,914.0,914.0
506.0,212.0,506.0
394.0,447.0,447.0
739.0,593.0,739.0
85.0,178.0,178.0
864.0,864.0,864.0
770.0,577.0,770.0
769.0,294.0,769.0
378.0,932.0,932.0
887.0,275.0,887.0
354.0,102.0,354.0
961.0,21.0,961.0
586.0,938.0,938.0
6.0,184.0,184.0
606.0,227.0,606.0
435.0,20.0,435.0
126.0,413.0,413.0
192.0,896.0,896.0
831.0,699.0,831.0
365.0,681.0,681.0
761.0,286.0,761.0
524.0,956.0,956.0
397.0,222.0,397.0
459.0,951.0,951.0
722.0,233.0,722.0
97.0,65.0,97.0
305.0,482.0,482.0
554.0,144.0,554.0
711.0,953.0,953.0
285.0,71.0,285.0
937.0,965.0,965.0
126.0,614.0,614.0
174.0,598.0,598.0
65.0,848.0,848.0
795.0,409.0,795.0
369.0,638.0,638.0
121.0,194.0,194.0
925.0,459.0,925.0
445.0,74.0,445.0
165.0,946.0,946.0
226.0,344.0,344.0
674.0,614.0,674.0
751.0,388.0,751.0
34.0,395.0,395.0
706.0,383.0,706.0
395.0,877.0,877.0
443.0,875.0,875.0
582.0,54.0,582.0
408.0,363.0,408.0
298.0,955.0,955.0
940.0,737.0,940.0
56.0,844.0,844.0
897.0,985.0,985.0
218.0,362.0,362.0
331.0,51.0,331.0
539.0,26.0,539.0
518.0,125.0,518.0
325.0,322.0,325.0
336.0,56.0,336.0
175.0,682.0,682.0
607.0,223.0,607.0
689.0,736.0,736.0
662.0,194.0,662.0
837.0,950.0,950.0
955.0,329.0,955.0
429.0,461.0,461.0
179.0,887.0,887.0
55.0,11.0,55.0
569.0,284.0,569.0
84.0,491.0,491.0
77.0,44.0,77.0
333.0,871.0,871.0
490.0,594.0,594.0
940.0,525.0,940.0
83.0,746.0,746.0
426.0,818.0,818.0
126.0,844.0,844.0
785.0,656.0,785.0
754.0,248.0,754.0
220.0,291.0,291.0
225.0,125.0,225.0
350.0,859.0,859.0
260.0,900.0,900.0
192.0,842.0,842.0
985.0,698.0,985.0
348.0,721.0,721.0
944.0,227.0,944.0
87.0,299.0,299.0
736.0,935.0,935.0
277.0,659.0,659.0
811.0,347.0,811.0
839.0,619.0,839.0
183.0,823.0,823.0
959.0,483.0,959.0
842.0,317.0,842.0
848.0,735.0,848.0
979.0,967.0,979.0
509.0,895.0,895.0
777.0,668.0,777.0
560.0,353.0,560.0
656.0,802.0,802.0
426.0,546.0,546.0
472.0,712.0,712.0
74.0,125.0,125.0
926.0,91.0,926.0
17.0,491.0,491.0
210.0,214.0,214.0
468.0,496.0,496.0
433.0,740.0,740.0
754.0,476.0,754.0
970.0,46.0,970.0
868.0,705.0,868.0
488.0,706.0,706.0
197.0,234.0,234.0
839.0,216.0,839.0
849.0,305.0,849.0
983.0,592.0,983.0
497.0,904.0,904.0
988.0,922.0,988.0
46.0,945.0,945.0
712.0,230.0,712.0
438.0,488.0,488.0
496.0,314.0,496.0
289.0,833.0,833.0
202.0,47.0,202.0
599.0,99.0,599.0
370.0,290.0,370.0
88.0,296.0,296.0
709.0,322.0,709.0
868.0,852.0,868.0
803.0,58.0,803.0
990.0,1.0,990.0
834.0,523.0,834.0
401.0,416.0,416.0
339.0,830.0,830.0
858.0,547.0,858.0
101.0,5.0,101.0
425.0,96.0,425.0
620.0,101.0,620.0
553.0,950.0,950.0
500.0,874.0,874.0
761.0,830.0,830.0
58.0,575.0,575.0
459.0,351.0,459.0
91.0,691.0,691.0
905.0,399.0,905.0
980.0,913.0,980.0
266.0,448.0,448.0
903.0,207.0,903.0
772.0,725.0,772.0
834.0,599.0,834.0
743.0,190.0,743.0
921.0,926.0,926.0
715.0,706.0,715.0
942.0,944.0,944.0
389.0,540.0,540.0
811.0,224.0,811.0
24.0,398.0,398.0
268.0,160.0,268.0
743.0,877.0,877.0
713.0,498.0,713.0
899.0,913.0,913.0
44.0,935.0,935.0
770.0,476.0,770.0
491.0,865.0,865.0
872.0,284.0,872.0
39.0,326.0,326.0
211.0,2.0,211.0
925.0,918.0,925.0
265.0,395.0,395.0
911.0,440.0,911.0
387.0,754.0,754.0
341.0,637.0,637.0
761.0,867.0,867.0
764.0,758.0,764.0
583.0,360.0,583.0
637.0,891.0,891.0
45.0,449.0,449.0
74.0,632.0,632.0
101.0,538.0,538.0
577.0,776.0,776.0
918.0,453.0,918.0
51.0,585.0,585.0
742.0,540.0,742.0
338.0,246.0,338.0
633.0,59.0,633.0
582.0,287.0,582.0
755.0,566.0,755.0
884.0,122.0,884.0
652.0,850.0,850.0
150.0,963.0,963.0
957.0,831.0,957.0
642.0,58.0,642.0
21.0,178.0,178.0
497.0,126.0,497.0
671.0,498.0,671.0
954.0,142.0,954.0
660.0,485.0,660.0
559.0,425.0,559.0
168.0,27.0,168.0
592.0,661.0,661.0
674.0,321.0,674.0
684.0,92.0,684.0
337.0,123.0,337.0
25.0,630.0,630.0
832.0,193.0,832.0
893.0,60.0,893.0
853.0,479.0,853.0
127.0,181.0,181.0
259.0,745.0,745.0
511.0,45.0,511.0
922.0,874.0,922.0
97.0,792.0,792.0
805.0,347.0,805.0
658.0,975.0,975.0
475.0,412.0,475.0
566.0,395.0,566.0
194.0,855.0,855.0
320.0,158.0,320.0
55.0,767.0,767.0
892.0,442.0,892.0
524.0,367.0,524.0
790.0,306.0,790.0
553.0,716.0,716.0
38.0,884.0,884.0
271.0,402.0,402.0
546.0,236.0,546.0
271.0,264.0,271.0
599.0,182.0,599.0
417.0,902.0,902.0
21.0,582.0,582.0
275.0,476.0,476.0
258.0,420.0,420.0
940.0,838.0,940.0
770.0,342.0,770.0
934.0,179.0,934.0
607.0,646.0,646.0
56.0,755.0,755.0
764.0,605.0,764.0
86.0,1.0,86.0
116.0,740.0,740.0
281.0,640.0,640.0
352.0,541.0,541.0
985.0,516.0,985.0
92.0,825.0,825.0
440.0,809.0,809.0
237.0,900.0,900.0
355.0,397.0,397.0
834.0,960.0,960.0
711.0,47.0,711.0
259.0,453.0,453.0
383.0,315.0,383.0
820.0,494.0,820.0
518.0,959.0,959.0
625.0,152.0,625.0
158.0,321.0,321.0
820.0,213.0,820.0
190.0,57.0,190.0
31.0,773.0,773.0
791.0,351.0,791.0
507.0,931.0,931.0
181.0,353.0,353.0
571.0,110.0,571.0
385.0,640.0,640.0
264.0,460.0,460.0
832.0,84.0,832.0
427.0,602.0,602.0
303.0,810.0,810.0
502.0,177.0,502.0
410.0,353.0,410.0
585.0,352.0,585.0
504.0,428.0,504.0
120.0,453.0,453.0
860.0,513.0,860.0
197.0,747.0,747.0
188.0,526.0,526.0
165.0,896.0,896.0
355.0,530.0,530.0
184.0,769.0,769.0
609.0,543.0,609.0
256.0,402.0,402.0
509.0,953.0,953.0
671.0,691.0,691.0
283.0,363.0,363.0
758.0,617.0,758.0
389.0,592.0,592.0
202.0,612.0,612.0
86.0,475.0,475.0
628.0,258.0,628.0
124.0,185.0,185.0
924.0,994.0,994.0
598.0,232.0,598.0
624.0,307.0,624.0
470.0,471.0,471.0
162.0,415.0,415.0
595.0,753.0,753.0
242.0,883.0,883.0
541.0,92.0,541.0
925.0,186.0,925.0
940.0,481.0,940.0
659.0,730.0,730.0
752.0,979.0,979.0
862.0,602.0,862.0
350.0,182.0,350.0
347.0,671.0,671.0
474.0,762.0,762.0
110.0,163.0,163.0
250.0,947.0,947.0
895.0,781.0,895.0
302.0,700.0,700.0
184.0,643.0,643.0
743.0,944.0,944.0
0.0,740.0,740.0
250.0,995.0,995.0
96.0,180.0,180.0
880.0,102.0,880.0
440.0,606.0,606.0
719.0,443.0,719.0
635.0,803.0,803.0
771.0,697.0,771.0
419.0,487.0,487.0
1.0,40.0,40.0
493.0,213.0,493.0
114.0,306.0,306.0
660.0,968.0,968.0
927.0,1000.0,1000.0
253.0,156.0,253.0
977.0,179.0,977.0
252.0,208.0,252.0
559.0,566.0,566.0
71.0,804.0,804.0
524.0,952.0,952.0
580.0,734.0,734.0
671.0,542.0,671.0
408.0,826.0,826.0
709.0,110.0,709.0
245.0,594.0,594.0
648.0,539.0,648.0
751.0,677.0,751.0
5.0,723.0,723.0
962.0,717.0,962.0
489.0,850.0,850.0
688.0,401.0,688.0
245.0,270.0,270.0
956.0,767.0,956.0
490.0,843.0,843.0
490.0,96.0,490.0
386.0,199.0,386.0
143.0,255.0,255.0
777.0,881.0,881.0
231.0,252.0,252.0
376.0,415.0,415.0
497.0,266.0,497.0
599.0,22.0,599.0
971.0,558.0,971.0
449.0,860.0,860.0
858.0,965.0,965.0
755.0,694.0,755.0
652.0,200.0,652.0
456.0,46.0,456.0
788.0,30.0,788.0
448.0,943.0,943.0
901.0,617.0,901.0
321.0,128.0,321.0
537.0,100.0,537.0
939.0,252.0,939.0
140.0,18.0,140.0
174.0,856.0,856.0
726.0,100.0,726.0
909.0,665.0,909.0
367.0,365.0,367.0
379.0,435.0,435.0
75.0,983.0,983.0
922.0,13.0,922.0
907.0,528.0,907.0
826.0,372.0,826.0
680.0,407.0,680.0
247.0,610.0,610.0
989.0,133.0,989.0
807.0,980.0,980.0
851.0,733.0,851.0
999.0,65.0,999.0
155.0,917.0,917.0
333.0,0.0,333.0
723.0,493.0,723.0
45.0,130.0,130.0
104.0,424.0,424.0
721.0,493.0,721.0
206.0,298.0,298.0
774.0,543.0,774.0
704.0,695.0,704.0
688.0,403.0,688.0
971.0,763.0,971.0
712.0,933.0,933.0
971.0,512.0,971.0
986.0,931.0,986.0
24.0,854.0,854.0
747.0,599.0,747.0
533.0,541.0,541.0
234.0,368.0,368.0
985.0,858.0,985.0
900.0,838.0,900.0
694.0,323.0,694.0
297.0,51.0,297.0
908.0,900.0,908.0
808.0,919.0,919.0
429.0,125.0,429.0
943.0,305.0,943.0
94.0,135.0,135.0
827.0,153.0,827.0
45.0,224.0,224.0
511.0,7.0,511.0
933.0,689.0,933.0
169.0,660.0,660.0
501.0,778.0,778.0
690.0,379.0,690.0
996.0,276.0,996.0
205.0,721.0,721.0
397.0,305.0,397.0
120.0,86.0,120.0
321.0,538.0,538.0
845.0,863.0,863.0
187.0,816.0,816.0
251.0,167.0,251.0
820.0,903.0,903.0
529.0,10.0,529.0
166.0,888.0,888.0
77.0,911.0,911.0
384.0,473.0,473.0
482.0,370.0,482.0
320.0,528.0,528.0
595.0,111.0,595.0
100.0,306.0,306.0
904.0,160.0,904.0
393.0,447.0,447.0
271.0,329.0,329.0
756.0,738.0,756.0
329.0,733.0,733.0
85.0,349.0,349.0
867.0,894.0,894.0
201.0,979.0,979.0
486.0,515.0,515.0
90.0,111.0,111.0
104.0,764.0,764.0
794.0,228.0,794.0
611.0,964.0,964.0
951.0,861.0,951.0
706.0,517.0,706.0
649.0,709.0,709.0
827.0,306.0,827.0
654.0,469.0,654.0
303.0,319.0,319.0
868.0,578.0,868.0
855.0,979.0,979.0
852.0,937.0,937.0
836.0,486.0,836.0
662.0,867.0,867.0
672.0,45.0,672.0
965.0,742.0,965.0
327.0,431.0,431.0
803.0,341.0,803.0
905.0,197.0,905.0
473.0,353.0,473.0
133.0,28.0,133.0
391.0,104.0,391.0
792.0,803.0,803.0
954.0,850.0,954.0
139.0,181.0,181.0
412.0,119.0,412.0
240.0,30.0,240.0
687.0,146.0,687.0
630.0,556.0,630.0
177.0,343.0,343.0
920.0,193.0,920.0
285.0,717.0,717.0
444.0,419.0,444.0
868.0,132.0,868.0
77.0,676.0,676.0
568.0,530.0,568.0
888.0,211.0,888.0
681.0,820.0,820.0
700.0,336.0,700.0
713.0,316.0,713.0
564.0,617.0,617.0
236.0,172.0,236.0
113.0,751.0,751.0
92.0,858.0,858.0
871.0,598.0,871.0
839.0,211.0,839.0
917.0,945.0,945.0
283.0,462.0,462.0
408.0,233.0,408.0
460.0,519.0,519.0
976.0,715.0,976.0
823.0,326.0,823.0
209.0,48.0,209.0
945.0,293.0,945.0
144.0,976.0,976.0
387.0,736.0,736.0
380.0,786.0,786.0
135.0,1000.0,1000.0
617.0,141.0,617.0
651.0,588.0,651.0
580.0,381.0,580.0
891.0,338.0,891.0
982.0,209.0,982.0
209.0,380.0,380.0
572.0,158.0,572.0
203.0,683.0,683.0
125.0,478.0,478.0
583.0,268.0,583.0
25.0,63.0,63.0
437.0,814.0,814.0
135.0,186.0,186.0
352.0,260.0,352.0
798.0,982.0,982.0
652.0,7.0,652.0
190.0,320.0,320.0
763.0,547.0,763.0
367.0,965.0,965.0
132.0,413.0,413.0
739.0,686.0,739.0
834.0,398.0,834.0
478.0,720.0,720.0
158.0,888.0,888.0
567.0,734.0,734.0
143.0,60.0,143.0
870.0,638.0,870.0
938.0,106.0,938.0
441.0,730.0,730.0
614.0,693.0,693.0
947.0,651.0,947.0
14.0,468.0,468.0
796.0,956.0,956.0
913.0,650.0,913.0
480.0,438.0,480.0
447.0,789.0,789.0
367.0,73.0,367.0
84.0,886.0,886.0
645.0,926.0,926.0
827.0,861.0,861.0
366.0,569.0,569.0
904.0,621.0,904.0
377.0,176.0,377.0
355.0,172.0,355.0
293.0,155.0,293.0
773.0,411.0,773.0
618.0,240.0,618.0
1.0,939.0,939.0
148.0,182.0,182.0
581.0,350.0,581.0
689.0,424.0,689.0
657.0,79.0,657.0
206.0,430.0,430.0
122.0,191.0,191.0
862.0,928.0,928.0
493.0,715.0,715.0
242.0,260.0,260.0
43.0,561.0,561.0
67.0,862.0,862.0
809.0,700.0,809.0
542.0,323.0,542.0
197.0,535.0,535.0
463.0,859.0,859.0
660.0,567.0,660.0
177.0,659.0,659.0
285.0,230.0,285.0
539.0,912.0,912.0
331.0,451.0,451.0
751.0,617.0,751.0
288.0,944.0,944.0
72.0,509.0,509.0
167.0,130.0,167.0
75.0,719.0,719.0
425.0,525.0,525.0
179.0,930.0,930.0
276.0,446.0,446.0
419.0,993.0,993.0
711.0,689.0,711.0
642.0,579.0,642.0
128.0,833.0,833.0
65.0,698.0,698.0
514.0,967.0,967.0
840.0,669.0,840.0
991.0,144.0,991.0
899.0,629.0,899.0
196.0,210.0,210.0
853.0,527.0,853.0
398.0,763.0,763.0
883.0,42.0,883.0
488.0,552.0,552.0
662.0,540.0,662.0
244.0,37.0,244.0
341.0,718.0,718.0
299.0,153.0,299.0
768.0,128.0,768.0
125.0,129.0,129.0
243.0,688.0,688.0
113.0,389.0,389.0
29.0,965.0,965.0
939.0,336.0,939.0
213.0,319.0,319.0
92.0,248.0,248.0
953.0,415.0,953.0
218.0,407.0,407.0
244.0,296.0,296.0
161.0,402.0,402.0
437.0,809.0,809.0
740.0,382.0,740.0
553.0,178.0,553.0
262.0,818.0,818.0
571.0,689.0,689.0
682.0,62.0,682.0
902.0,420.0,902.0
470.0,348.0,470.0
273.0,432.0,432.0
428.0,213.0,428.0
605.0,456.0,605.0
38.0,822.0,822.0
536.0,545.0,545.0
188.0,535.0,535.0
963.0,963.0,963.0
435.0,340.0,435.0
887.0,181.0,887.0
702.0,408.0,702.0
254.0,829.0,829.0
501.0,347.0,501.0
23.0,91.0,91.0
647.0,951.0,951.0
157.0,269.0,269.0
306.0,653.0,653.0
335.0,789.0,789.0
132.0,394.0,394.0
947.0,211.0,947.0
290.0,737.0,737.0
36.0,187.0,187.0
380.0,768.0,768.0
548.0,892.0,892.0
897.0,266.0,897.0
935.0,718.0,935.0
103.0,809.0,809.0
441.0,354.0,441.0
234.0,336.0,336.0
517.0,197.0,517.0
13.0,508.0,508.0
7.0,712.0,712.0
850.0,876.0,876.0
540.0,228.0,540.0
836.0,699.0,836.0
295.0,301.0,301.0
174.0,700.0,700.0
743.0,129.0,743.0
919.0,549.0,919.0
676.0,692.0,692.0
70.0,895.0,895.0
462.0,403.0,462.0
845.0,95.0,845.0
312.0,589.0,589.0
983.0,423.0,983.0
865.0,78.0,865.0
896.0,931.0,931.0
718.0,897.0,897.0
298.0,29.0,298.0
997.0,871.0,997.0
876.0,281.0,876.0
184.0,957.0,957.0
771.0,831.0,831.0
562.0,96.0,562.0
706.0,245.0,706.0
315.0,291.0,315.0
644.0,31.0,644.0
590.0,134.0,590.0
829.0,149.0,829.0
222.0,266.0,266.0
256.0,879.0,879.0
661.0,264.0,661.0
564.0,563.0,564.0
517.0,178.0,517.0
90.0,858.0,858.0
185.0,697.0,697.0
680.0,94.0,680.0
179.0,861.0,861.0
416.0,907.0,907.0
530.0,506.0,530.0
648.0,621.0,648.0
571.0,537.0,571.0
724.0,949.0,949.0
455.0,791.0,791.0
888.0,232.0,888.0
951.0,736.0,951.0
345.0,208.0,345.0
18.0,863.0,863.0
60.0,714.0,714.0
247.0,639.0,639.0
348.0,650.0,650.0
921.0,369.0,921.0
617.0,644.0,644.0
123.0,606.0,606.0
476.0,969.0,969.0
977.0,263.0,977.0
383.0,522.0,522.0
586.0,466.0,586.0
827.0,885.0,885.0
240.0,113.0,240.0
211.0,600.0,600.0
738.0,307.0,738.0
485.0,203.0,485.0
879.0,397.0,879.0
552.0,550.0,552.0
544.0,813.0,813.0
271.0,366.0,366.0
464.0,458.0,464.0
168.0,547.0,547.0
110.0,858.0,858.0
382.0,663.0,663.0
743.0,482.0,743.0
659.0,478.0,659.0
437.0,79.0,437.0
404.0,547.0,547.0
63.0,982.0,982.0
849.0,456.0,849.0
797.0,895.0,895.0
376.0,372.0,376.0
910.0,450.0,910.0
399.0,823.0,823.0
59.0,752.0,752.0
844.0,472.0,844.0
790.0,261.0,790.0
715.0,251.0,715.0
425.0,972.0,972.0
459.0,113.0,459.0
173.0,178.0,178.0
550.0,201.0,550.0
804.0,125.0,804.0
992.0,231.0,992.0
934.0,382.0,934.0
238.0,921.0,921.0
714.0,150.0,714.0
877.0,65.0,877.0
858.0,586.0,858.0
429.0,265.0,429.0
726.0,242.0,726.0
781.0,958.0,958.0
857.0,643.0,857.0
159.0,121.0,159.0
493.0,635.0,635.0
308.0,160.0,308.0
755.0,216.0,755.0
861.0,564.0,861.0
524.0,646.0,646.0
601.0,600.0,601.0
212.0,342.0,342.0
474.0,716.0,716.0
644.0,655.0,655.0
769.0,574.0,769.0
668.0,125.0,668.0
378.0,863.0,863.0
237.0,548.0,548.0
417.0,482.0,482.0
536.0,764.0,764.0
691.0,730.0,730.0
45.0,548.0,548.0
211.0,523.0,523.0
111.0,451.0,451.0
458.0,788.0,788.0
191.0,477.0,477.0
428.0,427.0,428.0
496.0,876.0,876.0
491.0,363.0,491.0
325.0,311.0,325.0
16.0,603.0,603.0
388.0,535.0,535.0
999.0,488.0,999.0
610.0,971.0,971.0
905.0,219.0,905.0
31.0,56.0,56.0
804.0,935.0,935.0
572.0,745.0,745.0
533.0,576.0,576.0
412.0,868.0,868.0
131.0,410.0,410.0
27.0,264.0,264.0
872.0,140.0,872.0
353.0,3.0,353.0
445.0,19.0,445.0
45.0,205.0,205.0
305.0,26.0,305.0
746.0,87.0,746.0
290.0,214.0,290.0
131.0,1000.0,1000.0
348.0,707.0,707.0
173.0,402.0,402.0
750.0,123.0,750.0
786.0,85.0,786.0
339.0,580.0,580.0
742.0,299.0,742.0
642.0,948.0,948.0
159.0,99.0,159.0
989.0,87.0,989.0
400.0,752.0,752.0
584.0,593.0,593.0
372.0,96.0,372.0
627.0,234.0,627.0
16.0,314.0,314.0
994.0,747.0,994.0
946.0,582.0,946.0
534.0,131.0,534.0
328.0,128.0,328.0
978.0,312.0,978.0
338.0,9.0,338.0
411.0,737.0,737.0
560.0,454.0,560.0
445.0,734.0,734.0
861.0,595.0,861.0
687.0,972.0,972.0
572.0,275.0,572.0
993.0,546.0,993.0
207.0,787.0,787.0
12.0,537.0,537.0
507.0,108.0,507.0
500.0,390.0,500.0
205.0,123.0,205.0
777.0,717.0,777.0
301.0,243.0,301.0
412.0,684.0,684.0
832.0,942.0,942.0
78.0,888.0,888.0
677.0,536.0,677.0
811.0,220.0,811.0
885.0,426.0,885.0
203.0,592.0,592.0
773.0,457.0,773.0
472.0,705.0,705.0
822.0,659.0,822.0
768.0,429.0,768.0
981.0,878.0,981.0
830.0,188.0,830.0
718.0,784.0,784.0
157.0,930.0,930.0
589.0,7.0,589.0
249.0,621.0,621.0
103.0,954.0,954.0
696.0,38.0,696.0
216.0,614.0,614.0
759.0,800.0,800.0
389.0,941.0,941.0
9.0,10.0,10.0
492.0,597.0,597.0
618.0,975.0,975.0
375.0,973.0,973.0
801.0,13.0,801.0
477.0,230.0,477.0
58.0,390.0,390.0
97.0,642.0,642.0
842.0,137.0,842.0
624.0,422.0,624.0
183.0,372.0,372.0
17.0,198.0,198.0
334.0,682.0,682.0
988.0,276.0,988.0
409.0,721.0,721.0
849.0,946.0,946.0
72.0,214.0,214.0
500.0,676.0,676.0
760.0,258.0,760.0
718.0,31.0,718.0
337.0,90.0,337.0
647.0,648.0,648.0
258.0,708.0,708.0
413.0,682.0,682.0
206.0,711.0,711.0
590.0,736.0,736.0
359.0,98.0,359.0
918.0,741.0,918.0
208.0,120.0,208.0
548.0,100.0,548.0
507.0,656.0,656.0
365.0,653.0,653.0
138.0,649.0,649.0
684.0,341.0,684.0
119.0,405.0,405.0
523.0,113.0,523.0
403.0,2.0,403.0
242.0,307.0,307.0
216.0,901.0,901.0
926.0,91.0,926.0
888.0,957.0,957.0
440.0,964.0,964.0
418.0,269.0,418.0
915.0,75.0,915.0
237.0,223.0,237.0
167.0,493.0,493.0
200.0,552.0,552.0
546.0,421.0,546.0
229.0,233.0,233.0
7.0,180.0,180.0
53.0,729.0,729.0
646.0,408.0,646.0
14.0,374.0,374.0
698.0,51.0,698.0
325.0,186.0,325.0
410.0,300.0,410.0
649.0,673.0,673.0
705.0,343.0,705.0
415.0,220.0,415.0
263.0,377.0,377.0
370.0,21.0,370.0
306.0,717.0,717.0
972.0,532.0,972.0
193.0,553.0,553.0
654.0,728.0,728.0
794.0,715.0,794.0
875.0,947.0,947.0
334.0,470.0,470.0
13.0,541.0,541.0
929.0,782.0,929.0
326.0,118.0,326.0
835.0,384.0,835.0
993.0,838.0,993.0
483.0,369.0,483.0
737.0,225.0,737.0
951.0,216.0,951.0
22.0,535.0,535.0
240.0,466.0,466.0
550.0,788.0,788.0
506.0,601.0,601.0
863.0,640.0,863.0
426.0,155.0,426.0
370.0,899.0,899.0
332.0,217.0,332.0
764.0,409.0,764.0
549.0,178.0,549.0
434.0,2.0,434.0
691.0,561.0,691.0
696.0,11.0,696.0
184.0,934.0,934.0
149.0,661.0,661.0
50.0,505.0,505.0
16.0,339.0,339.0
41.0,34.0,41.0
991.0,168.0,991.0
739.0,695.0,739.0
838.0,400.0,838.0
268.0,716.0,716.0
429.0,173.0,429.0
995.0,538.0,995.0
457.0,391.0,457.0
609.0,758.0,758.0
855.0,352.0,855.0
335.0,230.0,335.0
369.0,249.0,369.0
332.0,624.0,624.0
735.0,529.0,735.0
90.0,969.0,969.0
436.0,38.0,436.0
557.0,318.0,557.0
916.0,241.0,916.0
650.0,200.0,650.0
169.0,127.0,169.0
641.0,230.0,641.0
640.0,44.0,640.0
118.0,760.0,760.0
883.0,682.0,883.0
110.0,454.0,454.0
71.0,495.0,495.0
66.0,320.0,320.0
281.0,871.0,871.0
853.0,897.0,897.0
73.0,300.0,300.0
717.0,6.0,717.0
874.0,923.0,923.0
580.0,767.0,767.0
828.0,871.0,871.0
485.0,217.0,485.0
829.0,161.0,829.0
121.0,415.0,415.0
459.0,671.0,671.0
697.0,263.0,697.0
59.0,880.0,880.0
738.0,611.0,738.0
737.0,728.0,737.0
512.0,547.0,547.0
591.0,509.0,591.0
657.0,287.0,657.0
715.0,37.0,715.0
258.0,433.0,433.0
918.0,918.0,918.0
76.0,745.0,745.0
354.0,622.0,622.0
640.0,493.0,640.0
142.0,207.0,207.0
351.0,712.0,712.0
908.0,844.0,908.0
715.0,364.0,715.0
198.0,310.0,310.0
871.0,877.0,877.0
262.0,212.0,262.0
663.0,606.0,663.0
22.0,579.0,579.0
722.0,854.0,854.0
8.0,957.0,957.0
789.0,919.0,919.0
352.0,708.0,708.0
406.0,956.0,956.0
41.0,74.0,74.0
483.0,605.0,605.0
724.0,373.0,724.0
13.0,756.0,756.0
244.0,243.0,244.0
957.0,477.0,957.0
416.0,662.0,662.0
562.0,165.0,562.0
169.0,361.0,361.0
607.0,680.0,680.0
964.0,710.0,964.0
641.0,271.0,641.0
514.0,96.0,514.0
664.0,793.0,793.0
885.0,993.0,993.0
682.0,910.0,910.0
935.0,671.0,935.0
121.0,366.0,366.0
448.0,895.0,895.0
615.0,751.0,751.0
403.0,401.0,403.0
957.0,810.0,957.0
578.0,321.0,578.0
722.0,594.0,722.0
966.0,123.0,966.0
68.0,971.0,971.0
500.0,594.0,594.0
797.0,291.0,797.0
512.0,107.0,512.0
57.0,518.0,518.0
709.0,559.0,709.0
33.0,503.0,503.0
632.0,374.0,632.0
807.0,84.0,807.0
194.0,943.0,943.0
111.0,869.0,869.0
594.0,754.0,754.0
14.0,556.0,556.0
502.0,814.0,814.0
600.0,427.0,600.0
700.0,940.0,940.0
591.0,292.0,591.0
822.0,572.0,822.0
814.0,366.0,814.0
671.0,779.0,779.0
788.0,344.0,788.0
949.0,190.0,949.0
606.0,119.0,606.0
806.0,781.0,806.0
658.0,31.0,658.0
869.0,994.0,994.0
576.0,262.0,576.0
555.0,762.0,762.0
499.0,303.0,499.0
767.0,495.0,767.0
811.0,956.0,956.0
408.0,650.0,650.0
843.0,181.0,843.0
834.0,62.0,834.0
417.0,646.0,646.0
360.0,136.0,360.0
750.0,724.0,750.0
995.0,726.0,995.0
511.0,936.0,936.0
199.0,950.0,950.0
743.0,641.0,743.0
818.0,377.0,818.0
922.0,158.0,922.0
21.0,867.0,867.0
335.0,454.0,454.0
951.0,128.0,951.0
984.0,967.0,984.0
198.0,778.0,778.0
283.0,643.0,643.0
650.0,225.0,650.0
475.0,918.0,918.0
482.0,913.0,913.0
126.0,764.0,764.0
983.0,306.0,983.0
533.0,361.0,533.0
695.0,229.0,695.0
800.0,551.0,800.0
748.0,457.0,748.0
227.0,210.0,227.0
69.0,141.0,141.0
4.0,889.0,889.0
946.0,295.0,946.0
137.0,610.0,610.0
145.0,773.0,773.0
784.0,155.0,784.0
21.0,486.0,486.0
314.0,64.0,314.0
489.0,710.0,710.0
999.0,705.0,999.0
303.0,310.0,310.0
175.0,475.0,475.0
881.0,268.0,881.0
55.0,63.0,63.0
748.0,115.0,748.0
779.0,948.0,948.0
20.0,724.0,724.0
214.0,488.0,488.0
347.0,431.0,431.0
401.0,229.0,401.0
299.0,253.0,299.0
951.0,12.0,951.0
207.0,390.0,390.0
972.0,597.0,972.0
815.0,218.0,815.0
51.0,553.0,553.0
785.0,463.0,785.0
646.0,109.0,646.0
701.0,551.0,701.0
753.0,885.0,885.0
602.0,676.0,676.0
433.0,348.0,433.0
808.0,54.0,808.0
605.0,259.0,605.0
896.0,245.0,896.0
78.0,217.0,217.0
493.0,456.0,493.0
465.0,684.0,684.0
875.0,659.0,875.0
492.0,815.0,815.0
513.0,315.0,513.0
193.0,662.0,662.0
32.0,71.0,71.0
346.0,511.0,511.0
372.0,769.0,769.0
691.0,656.0,691.0
62.0,227.0,227.0
153.0,499.0,499.0
406.0,793.0,793.0
19.0,950.0,950.0
871.0,932.0,932.0
294.0,363.0,363.0
749.0,711.0,749.0
781.0,549.0,781.0
304.0,511.0,511.0
298.0,794.0,794.0
127.0,98.0,127.0
417.0,636.0,636.0
981.0,360.0,981.0
67.0,45.0,67.0
540.0,638.0,638.0
723.0,249.0,723.0
800.0,906.0,906.0
399.0,737.0,737.0
65.0,734.0,734.0
106.0,669.0,669.0
377.0,230.0,377.0
806.0,509.0,806.0
258.0,6.0,258.0
102.0,844.0,844.0
459.0,104.0,459.0
117.0,98.0,117.0
392.0,968.0,968.0
997.0,557.0,997.0
3.0,434.0,434.0
872.0,449.0,872.0
941.0,940.0,941.0
828.0,803.0,828.0
486.0,230.0,486.0
202.0,465.0,465.0
575.0,559.0,575.0
567.0,543.0,567.0
677.0,711.0,711.0
369.0,35.0,369.0
31.0,601.0,601.0
937.0,797.0,937.0
537.0,27.0,537.0
871.0,804.0,871.0
89.0,675.0,675.0
993.0,801.0,993.0
403.0,597.0,597.0
106.0,899.0,899.0
286.0,851.0,851.0
891.0,344.0,891.0
867.0,75.0,867.0
777.0,987.0,987.0
939.0,209.0,939.0
878.0,413.0,878.0
99.0,54.0,99.0
967.0,281.0,967.0
49.0,787.0,787.0
698.0,310.0,698.0
325.0,519.0,519.0
417.0,710.0,710.0
173.0,479.0,479.0
769.0,272.0,769.0
803.0,524.0,803.0
835.0,924.0,924.0
114.0,524.0,524.0
909.0,388.0,909.0
709.0,619.0,709.0
288.0,119.0,288.0
621.0,481.0,621.0
823.0,658.0,823.0
765.0,153.0,765.0
521.0,960.0,960.0
277.0,360.0,360.0
143.0,136.0,143.0
161.0,342.0,342.0
76.0,32.0,76.0
57.0,530.0,530.0
711.0,503.0,711.0
875.0,508.0,875.0
855.0,104.0,855.0
373.0,568.0,568.0
373.0,417.0,417.0
803.0,369.0,803.0
70.0,660.0,660.0
263.0,217.0,263.0
747.0,63.0,747.0
208.0,323.0,323.0
722.0,632.0,722.0
347.0,881.0,881.0
633.0,587.0,633.0
798.0,944.0,944.0
639.0,956.0,956.0
660.0,291.0,660.0
772.0,886.0,886.0
504.0,748.0,748.0
621.0,989.0,989.0
959.0,911.0,959.0
730.0,75.0,730.0
107.0,372.0,372.0
632.0,104.0,632.0
32.0,989.0,989.0
611.0,829.0,829.0
669.0,934.0,934.0
480.0,344.0,480.0
165.0,936.0,936.0
222.0,958.0,958.0
633.0,512.0,633.0
39.0,910.0,910.0
624.0,426.0,624.0
409.0,977.0,977.0
949.0,703.0,949.0
760.0,769.0,769.0
768.0,63.0,768.0
732.0,67.0,732.0
167.0,32.0,167.0
375.0,344.0,375.0
120.0,296.0,296.0
847.0,312.0,847.0
300.0,929.0,929.0
901.0,261.0,901.0
261.0,704.0,704.0
979.0,617.0,979.0
439.0,502.0,502.0
331.0,348.0,348.0
786.0,102.0,786.0
134.0,331.0,331.0
905.0,343.0,905.0
461.0,598.0,598.0
367.0,450.0,450.0
110.0,449.0,449.0
335.0,685.0,685.0
6.0,469.0,469.0
560.0,495.0,560.0
688.0,665.0,688.0
487.0,746.0,746.0
593.0,726.0,726.0
850.0,602.0,850.0
652.0,692.0,692.0
592.0,624.0,624.0
533.0,771.0,771.0
447.0,302.0,447.0
793.0,191.0,793.0
196.0,190.0,196.0
254.0,971.0,971.0
346.0,291.0,346.0
998.0,107.0,998.0
442.0,496.0,496.0
167.0,743.0,743.0
584.0,458.0,584.0
517.0,195.0,517.0
252.0,635.0,635.0
649.0,967.0,967.0
713.0,143.0,713.0
866.0,123.0,866.0
167.0,246.0,246.0
917.0,602.0,917.0
723.0,629.0,723.0
436.0,913.0,913.0
461.0,736.0,736.0
235.0,556.0,556.0
3.0,763.0,763.0
487.0,267.0,487.0
253.0,927.0,927.0
309.0,300.0,309.0
410.0,608.0,608.0
327.0,438.0,438.0
867.0,85.0,867.0
264.0,591.0,591.0
479.0,104.0,479.0
181.0,712.0,712.0
408.0,494.0,494.0
314.0,904.0,904.0
526.0,350.0,526.0
655.0,63.0,655.0
119.0,229.0,229.0
24.0,964.0,964.0
135.0,947.0,947.0
464.0,303.0,464.0
968.0,804.0,968.0
829.0,763.0,829.0
481.0,28.0,481.0
106.0,807.0,807.0
236.0,297.0,297.0
942.0,744.0,942.0
966.0,343.0,966.0
103.0,227.0,227.0
566.0,649.0,649.0
867.0,256.0,867.0
482.0,858.0,858.0
738.0,923.0,923.0
443.0,519.0,519.0
340.0,211.0,340.0
350.0,530.0,530.0
733.0,955.0,955.0
95.0,952.0,952.0
414.0,989.0,989.0
908.0,239.0,908.0
785.0,98.0,785.0
944.0,322.0,944.0
881.0,209.0,881.0
640.0,400.0,640.0
986.0,379.0,986.0
534.0,436.0,534.0
221.0,788.0,788.0
735.0,888.0,888.0
377.0,129.0,377.0
551.0,993.0,993.0
339.0,912.0,912.0
806.0,694.0,806.0
747.0,447.0,747.0
276.0,211.0,276.0
33.0,68.0,68.0
802.0,756.0,802.0
215.0,266.0,266.0
491.0,359.0,491.0
662.0,456.0,662.0
781.0,397.0,781.0
844.0,583.0,844.0
156.0,545.0,545.0
331.0,80.0,331.0
219.0,364.0,364.0
897.0,545.0,897.0
449.0,465.0,465.0
963.0,784.0,963.0
101.0,648.0,648.0
190.0,671.0,671.0
198.0,802.0,802.0
78.0,982.0,982.0
424.0,107.0,424.0
893.0,959.0,959.0
215.0,821.0,821.0
390.0,282.0,390.0
602.0,711.0,711.0
274.0,464.0,464.0
401.0,592.0,592.0
6.0,911.0,911.0
155.0,484.0,484.0
596.0,543.0,596.0
364.0,580.0,580.0
15.0,757.0,757.0
944.0,354.0,944.0
258.0,877.0,877.0
892.0,298.0,892.0
749.0,254.0,749.0
549.0,764.0,764.0
328.0,543.0,543.0
372.0,508.0,508.0
828.0,115.0,828.0
71.0,85.0,85.0
449.0,470.0,470.0
5.0,319.0,319.0
678.0,517.0,678.0
547.0,686.0,686.0
845.0,682.0,845.0
334.0,791.0,791.0
408.0,471.0,471.0
950.0,222.0,950.0
6.0,650.0,650.0
108.0,177.0,177.0
52.0,600.0,600.0
391.0,939.0,939.0
328.0,267.0,328.0
632.0,912.0,912.0
716.0,602.0,716.0
5.0,774.0,774.0
340.0,2.0,340.0
28.0,775.0,775.0
990.0,367.0,990.0
71.0,117.0,117.0
471.0,240.0,471.0
456.0,344.0,456.0
601.0,201.0,601.0
14.0,118.0,118.0
190.0,246.0,246.0
575.0,342.0,575.0
206.0,365.0,365.0
164.0,554.0,554.0
505.0,962.0,962.0
916.0,319.0,916.0
916.0,644.0,916.0
513.0,36.0,513.0
530.0,896.0,896.0
853.0,461.0,853.0
27.0,699.0,699.0
982.0,241.0,982.0
904.0,848.0,904.0
411.0,663.0,663.0
589.0,963.0,963.0
212.0,22.0,212.0
558.0,326.0,558.0
546.0,546.0,546.0
978.0,743.0,978.0
209.0,634.0,634.0
778.0,749.0,778.0
790.0,838.0,838.0
3.0,846.0,846.0
314.0,799.0,799.0
249.0,521.0,521.0
572.0,12.0,572.0
786.0,774.0,786.0
760.0,269.0,760.0
228.0,780.0,780.0
459.0,341.0,459.0
44.0,290.0,290.0
53.0,315.0,315.0
655.0,689.0,689.0
669.0,137.0,669.0
118.0,614.0,614.0
235.0,359.0,359.0
501.0,122.0,501.0
271.0,660.0,660.0
635.0,672.0,672.0
976.0,28.0,976.0
350.0,229.0,350.0
871.0,780.0,871.0
524.0,476.0,524.0
498.0,594.0,594.0
449.0,8.0,449.0
398.0,418.0,418.0
8.0,137.0,137.0
116.0,421.0,421.0
165.0,761.0,761.0
186.0,78.0,186.0
435.0,389.0,435.0
674.0,624.0,674.0
754.0,73.0,754.0
484.0,170.0,484.0
557.0,406.0,557.0
496.0,793.0,793.0
910.0,519.0,910.0
443.0,834.0,834.0
322.0,73.0,322.0
495.0,535.0,535.0
640.0,314.0,640.0
720.0,999.0,999.0
87.0,400.0,400.0
745.0,383.0,745.0
736.0,484.0,736.0
256.0,701.0,701.0
931.0,326.0,931.0
866.0,78.0,866.0
890.0,959.0,959.0
204.0,776.0,776.0
964.0,226.0,964.0
159.0,973.0,973.0
52.0,361.0,361.0
601.0,153.0,601.0
384.0,655.0,655.0
21.0,773.0,773.0
658.0,711.0,711.0
518.0,777.0,777.0
436.0,40.0,436.0
986.0,723.0,986.0
515.0,152.0,515.0
28.0,422.0,422.0
731.0,41.0,731.0
557.0,938.0,938.0
511.0,950.0,950.0
779.0,464.0,779.0
466.0,605.0,605.0
95.0,858.0,858.0
826.0,315.0,826.0
12.0,478.0,478.0
896.0,177.0,896.0
588.0,874.0,874.0
913.0,831.0,913.0
278.0,264.0,278.0
688.0,165.0,688.0
645.0,737.0,737.0
891.0,993.0,993.0
126.0,300.0,300.0
881.0,525.0,881.0
579.0,952.0,952.0
22.0,849.0,849.0
977.0,899.0,977.0
319.0,988.0,988.0
486.0,652.0,652.0
880.0,400.0,880.0
562.0,131.0,562.0
286.0,755.0,755.0
8.0,804.0,804.0
588.0,824.0,824.0
143.0,917.0,917.0
396.0,665.0,665.0
155.0,672.0,672.0
420.0,894.0,894.0
653.0,815.0,815.0
779.0,39.0,779.0
196.0,272.0,272.0
414.0,946.0,946.0
746.0,31.0,746.0
14.0,120.0,120.0
806.0,511.0,806.0
638.0,400.0,638.0
40.0,722.0,722.0
181.0,651.0,651.0
108.0,520.0,520.0
53.0,487.0,487.0
30.0,42.0,42.0
542.0,837.0,837.0
67.0,199.0,199.0
56.0,993.0,993.0
803.0,916.0,916.0
266.0,806.0,806.0
439.0,948.0,948.0
1000.0,691.0,1000.0
598.0,789.0,789.0
493.0,264.0,493.0
753.0,72.0,753.0
380.0,384.0,384.0
679.0,615.0,679.0
494.0,250.0,494.0
696.0,297.0,696.0
383.0,702.0,702.0
774.0,211.0,774.0
69.0,444.0,444.0
113.0,56.0,113.0
536.0,219.0,536.0
305.0,895.0,895.0
317.0,98.0,317.0
257.0,908.0,908.0
774.0,256.0,774.0
76.0,951.0,951.0
786.0,438.0,786.0
226.0,15.0,226.0
311.0,285.0,311.0
289.0,687.0,687.0
283.0,205.0,283.0
684.0,905.0,905.0
180.0,729.0,729.0
251.0,576.0,576.0
899.0,826.0,899.0
434.0,556.0,556.0
421.0,203.0,421.0
742.0,325.0,742.0
750.0,527.0,750.0
180.0,628.0,628.0
917.0,590.0,917.0
269.0,759.0,759.0
140.0,575.0,575.0
53.0,507.0,507.0
580.0,316.0,580.0
109.0,563.0,563.0
956.0,771.0,956.0
623.0,923.0,923.0
511.0,894.0,894.0
542.0,633.0,633.0
944.0,452.0,944.0
792.0,587.0,792.0
607.0,141.0,607.0
886.0,119.0,886.0
259.0,291.0,291.0
744.0,119.0,744.0
447.0,791.0,791.0
75.0,367.0,367.0
115.0,189.0,189.0
907.0,916.0,916.0
251.0,906.0,906.0
131.0,948.0,948.0
557.0,671.0,671.0
895.0,226.0,895.0
388.0,609.0,609.0
878.0,774.0,878.0
762.0,110.0,762.0
676.0,511.0,676.0
518.0,459.0,518.0
879.0,42.0,879.0
878.0,640.0,878.0
524.0,560.0,560.0
424.0,3.0,424.0
287.0,899.0,899.0
360.0,559.0,559.0
569.0,348.0,569.0
100.0,739.0,739.0
802.0,215.0,802.0
737.0,828.0,828.0
553.0,644.0,644.0
458.0,993.0,993.0
809.0,494.0,809.0
548.0,998.0,998.0
33.0,507.0,507.0
944.0,225.0,944.0
864.0,651.0,864.0
774.0,241.0,774.0
883.0,976.0,976.0
76.0,727.0,727.0
763.0,152.0,763.0
937.0,165.0,937.0
920.0,113.0,920.0
344.0,16.0,344.0
105.0,786.0,786.0
366.0,455.0,455.0
692.0,191.0,692.0
202.0,730.0,730.0
313.0,285.0,313.0
636.0,594.0,636.0
585.0,248.0,585.0
415.0,366.0,415.0
416.0,787.0,787.0
648.0,381.0,648.0
534.0,332.0,534.0
459.0,951.0,951.0
502.0,959.0,959.0
606.0,45.0,606.0
643.0,97.0,643.0
869.0,643.0,869.0
967.0,212.0,967.0
614.0,595.0,614.0
603.0,96.0,603.0
179.0,558.0,558.0
566.0,22.0,566.0
499.0,318.0,499.0
884.0,75.0,884.0
769.0,476.0,769.0
446.0,273.0,446.0
711.0,89.0,711.0
686.0,554.0,686.0
76.0,708.0,708.0
966.0,32.0,966.0
176.0,49.0,176.0
829.0,599.0,829.0
905.0,47.0,905.0
147.0,377.0,377.0
273.0,952.0,952.0
287.0,684.0,684.0
871.0,342.0,871.0
77.0,948.0,948.0
576.0,549.0,576.0
769.0,904.0,904.0
39.0,162.0,162.0
202.0,324.0,324.0
473.0,335.0,473.0
917.0,54.0,917.0
283.0,78.0,283.0
316.0,931.0,931.0
2.0,484.0,484.0
742.0,249.0,742.0
119.0,95.0,119.0
397.0,881.0,881.0
487.0,256.0,487.0
307.0,29.0,307.0
367.0,795.0,795.0
490.0,745.0,745.0
113.0,597.0,597.0
889.0,687.0,889.0
29.0,258.0,258.0
772.0,814.0,814.0
18.0,640.0,640.0
840.0,624.0,840.0
315.0,913.0,913.0
489.0,944.0,944.0
38.0,118.0,118.0
863.0,228.0,863.0
860.0,583.0,860.0
629.0,534.0,629.0
16.0,656.0,656.0
764.0,538.0,764.0
729.0,845.0,845.0
401.0,831.0,831.0
431.0,499.0,499.0
761.0,188.0,761.0
227.0,509.0,509.0
214.0,403.0,403.0
23.0,291.0,291.0
534.0,827.0,827.0
15.0,311.0,311.0
232.0,978.0,978.0
437.0,452.0,452.0
384.0,538.0,538.0
101.0,529.0,529.0
230.0,490.0,490.0
326.0,48.0,326.0
278.0,770.0,770.0
768.0,966.0,966.0
236.0,95.0,236.0
579.0,736.0,736.0
624.0,650.0,650.0
998.0,748.0,998.0
448.0,446.0,448.0
345.0,690.0,690.0
828.0,924.0,924.0
42.0,698.0,698.0
419.0,118.0,419.0
384.0,908.0,908.0
811.0,721.0,811.0
41.0,15.0,41.0
381.0,772.0,772.0
937.0,180.0,937.0
170.0,443.0,443.0
333.0,684.0,684.0
377.0,476.0,476.0
368.0,619.0,619.0
774.0,402.0,774.0
252.0,208.0,252.0
127.0,686.0,686.0
811.0,966.0,966.0
563.0,752.0,752.0
655.0,874.0,874.0
475.0,827.0,827.0
713.0,254.0,713.0
840.0,682.0,840.0
749.0,130.0,749.0
950.0,892.0,950.0
733.0,74.0,733.0
490.0,50.0,490.0
77.0,230.0,230.0
322.0,79.0,322.0
880.0,107.0,880.0
554.0,428.0,554.0
237.0,500.0,500.0
933.0,92.0,933.0
65.0,828.0,828.0
790.0,937.0,937.0
396.0,716.0,716.0
353.0,882.0,882.0
882.0,535.0,882.0
720.0,133.0,720.0
795.0,883.0,883.0
516.0,570.0,570.0
360.0,996.0,996.0
247.0,575.0,575.0
833.0,984.0,984.0
81.0,824.0,824.0
484.0,430.0,484.0
845.0,479.0,845.0
458.0,217.0,458.0
445.0,681.0,681.0
73.0,190.0,190.0
653.0,819.0,819.0
925.0,289.0,925.0
864.0,749.0,864.0
923.0,792.0,923.0
669.0,981.0,981.0
134.0,658.0,658.0
355.0,412.0,412.0
376.0,864.0,864.0
547.0,347.0,547.0
901.0,519.0,901.0
519.0,775.0,775.0
869.0,818.0,869.0
352.0,219.0,352.0
735.0,508.0,735.0
712.0,882.0,882.0
405.0,474.0,474.0
875.0,828.0,875.0
499.0,475.0,499.0
842.0,168.0,842.0
615.0,944.0,944.0
343.0,322.0,343.0
348.0,306.0,348.0
682.0,805.0,805.0
526.0,99.0,526.0
12.0,975.0,975.0
590.0,260.0,590.0
253.0,818.0,818.0
264.0,552.0,552.0
864.0,324.0,864.0
818.0,703.0,818.0
356.0,883.0,883.0
854.0,805.0,854.0
216.0,903.0,903.0
290.0,398.0,398.0
488.0,875.0,875.0
145.0,919.0,919.0
89.0,899.0,899.0
125.0,502.0,502.0
72.0,364.0,364.0
311.0,520.0,520.0
906.0,285.0,906.0
83.0,750.0,750.0
543.0,260.0,543.0
627.0,558.0,627.0
88.0,314.0,314.0
403.0,272.0,403.0
767.0,900.0,900.0
208.0,838.0,838.0
794.0,451.0,794.0
80.0,662.0,662.0
156.0,668.0,668.0
673.0,315.0,673.0
138.0,24.0,138.0
420.0,251.0,420.0
971.0,520.0,971.0
503.0,719.0,719.0
637.0,263.0,637.0
616.0,764.0,764.0
217.0,509.0,509.0
24.0,654.0,654.0
501.0,204.0,501.0
542.0,628.0,628.0
571.0,208.0,571.0
410.0,479.0,479.0
835.0,796.0,835.0
946.0,296.0,946.0
36.0,70.0,70.0
251.0,119.0,251.0
673.0,268.0,673.0
59.0,277.0,277.0
450.0,575.0,575.0
329.0,270.0,329.0
408.0,495.0,495.0
728.0,284.0,728.0
584.0,944.0,944.0
370.0,209.0,370.0
256.0,939.0,939.0
225.0,156.0,225.0
227.0,211.0,227.0
849.0,64.0,849.0
984.0,228.0,984.0
361.0,16.0,361.0
153.0,380.0,380.0
965.0,166.0,965.0
443.0,263.0,443.0
583.0,783.0,783.0
519.0,826.0,826.0
690.0,628.0,690.0
127.0,358.0,358.0
197.0,35.0,197.0
380.0,206.0,380.0
826.0,634.0,826.0
520.0,47.0,520.0
234.0,417.0,417.0
627.0,202.0,627.0
48.0,142.0,142.0
628.0,776.0,776.0
211.0,80.0,211.0
53.0,183.0,183.0
257.0,963.0,963.0
240.0,539.0,539.0
298.0,748.0,748.0
78.0,972.0,972.0
571.0,171.0,571.0
898.0,253.0,898.0
535.0,859.0,859.0
621.0,574.0,621.0
49.0,30.0,49.0
909.0,451.0,909.0
16.0,950.0,950.0
536.0,570.0,570.0
986.0,98.0,986.0
15.0,204.0,204.0
290.0,706.0,706.0
295.0,352.0,352.0
902.0,381.0,902.0
304.0,605.0,605.0
398.0,39.0,398.0
929.0,82.0,929.0
157.0,505.0,505.0
172.0,640.0,640.0
352.0,15.0,352.0
464.0,445.0,464.0
890.0,526.0,890.0
119.0,281.0,281.0
365.0,749.0,749.0
927.0,611.0,927.0
509.0,18.0,509.0
622.0,199.0,622.0
241.0,59.0,241.0
866.0,39.0,866.0
757.0,802.0,802.0
150.0,989.0,989.0
575.0,518.0,575.0
333.0,917.0,917.0
556.0,552.0,556.0
287.0,806.0,806.0
498.0,269.0,498.0
939.0,175.0,939.0
587.0,776.0,776.0
22.0,784.0,784.0
576.0,303.0,576.0
283.0,358.0,358.0
13.0,137.0,137.0
23.0,682.0,682.0
712.0,581.0,712.0
894.0,525.0,894.0
845.0,110.0,845.0
903.0,363.0,903.0
994.0,157.0,994.0
883.0,141.0,883.0
862.0,677.0,862.0
120.0,137.0,137.0
300.0,950.0,950.0
36.0,294.0,294.0
809.0,928.0,928.0
114.0,28.0,114.0
985.0,359.0,985.0
496.0,947.0,947.0
433.0,529.0,529.0
306.0,913.0,913.0
69.0,246.0,246.0
883.0,497.0,883.0
55.0,162.0,162.0
971.0,319.0,971.0
248.0,252.0,252.0
400.0,346.0,400.0
814.0,590.0,814.0
215.0,366.0,366.0
140.0,308.0,308.0
442.0,90.0,442.0
368.0,563.0,563.0
425.0,264.0,425.0
367.0,910.0,910.0
425.0,990.0,990.0
24.0,810.0,810.0
791.0,163.0,791.0
293.0,669.0,669.0
980.0,253.0,980.0
293.0,951.0,951.0
555.0,306.0,555.0
779.0,504.0,779.0
557.0,1.0,557.0
470.0,530.0,530.0
123.0,826.0,826.0
181.0,717.0,717.0
177.0,110.0,177.0
889.0,298.0,889.0
283.0,62.0,283.0
477.0,221.0,477.0
659.0,179.0,659.0
330.0,268.0,330.0
636.0,623.0,636.0
199.0,711.0,711.0
184.0,447.0,447.0
985.0,664.0,985.0
200.0,545.0,545.0
8.0,99.0,99.0
827.0,253.0,827.0
772.0,881.0,881.0
418.0,143.0,418.0
153.0,299.0,299.0
288.0,469.0,469.0
372.0,674.0,674.0
925.0,708.0,925.0
2.0,332.0,332.0
981.0,224.0,981.0
833.0,457.0,833.0
436.0,526.0,526.0
314.0,705.0,705.0
297.0,813.0,813.0
635.0,458.0,635.0
448.0,654.0,654.0
331.0,478.0,478.0
534.0,707.0,707.0
348.0,758.0,758.0
693.0,586.0,693.0
269.0,313.0,313.0
894.0,699.0,894.0
260.0,478.0,478.0
405.0,295.0,405.0
126.0,545.0,545.0
833.0,491.0,833.0
664.0,309.0,664.0
196.0,126.0,196.0
333.0,455.0,455.0
193.0,399.0,399.0
39.0,75.0,75.0
135.0,69.0,135.0
677.0,735.0,735.0
499.0,87.0,499.0
549.0,776.0,776.0
292.0,54.0,292.0
214.0,965.0,965.0
872.0,53.0,872.0
255.0,862.0,862.0
707.0,559.0,707.0
811.0,267.0,811.0
749.0,18.0,749.0
16.0,338.0,338.0
684.0,414.0,684.0
252.0,140.0,252.0
407.0,703.0,703.0
362.0,362.0,362.0
773.0,430.0,773.0
637.0,15.0,637.0
588.0,366.0,588.0
517.0,728.0,728.0
376.0,295.0,376.0
798.0,36.0,798.0
803.0,932.0,932.0
213.0,995.0,995.0
106.0,128.0,128.0
322.0,360.0,360.0
494.0,715.0,715.0
305.0,471.0,471.0
405.0,932.0,932.0
79.0,447.0,447.0
726.0,280.0,726.0
713.0,379.0,713.0
382.0,300.0,382.0
648.0,529.0,648.0
294.0,380.0,380.0
170.0,379.0,379.0
16.0,76.0,76.0
733.0,643.0,733.0
245.0,126.0,245.0
662.0,98.0,662.0
633.0,835.0,835.0
920.0,156.0,920.0
873.0,597.0,873.0
553.0,312.0,553.0
411.0,782.0,782.0
826.0,888.0,888.0
238.0,248.0,248.0
527.0,600.0,600.0
947.0,1000.0,1000.0
602.0,640.0,640.0
683.0,173.0,683.0
885.0,501.0,885.0
715.0,354.0,715.0
175.0,89.0,175.0
836.0,298.0,836.0
86.0,153.0,153.0
128.0,805.0,805.0
72.0,71.0,72.0
595.0,169.0,595.0
209.0,486.0,486.0
101.0,53.0,101.0
94.0,498.0,498.0
903.0,3.0,903.0
588.0,370.0,588.0
764.0,602.0,764.0
368.0,474.0,474.0
471.0,296.0,471.0
383.0,53.0,383.0
339.0,20.0,339.0
551.0,692.0,692.0
922.0,751.0,922.0
20.0,989.0,989.0
862.0,379.0,862.0
443.0,779.0,779.0
192.0,693.0,693.0
566.0,110.0,566.0
904.0,934.0,934.0
849.0,469.0,849.0
679.0,703.0,703.0
90.0,84.0,90.0
830.0,688.0,830.0
542.0,526.0,542.0
747.0,767.0,767.0
909.0,819.0,909.0
984.0,627.0,984.0
708.0,532.0,708.0
53.0,953.0,953.0
874.0,874.0,874.0
810.0,50.0,810.0
809.0,140.0,809.0
380.0,377.0,380.0
892.0,936.0,936.0
206.0,750.0,750.0
593.0,694.0,694.0
755.0,796.0,796.0
298.0,224.0,298.0
988.0,387.0,988.0
532.0,243.0,532.0
531.0,77.0,531.0
692.0,897.0,897.0
838.0,616.0,838.0
246.0,749.0,749.0
932.0,773.0,932.0
960.0,958.0,960.0
180.0,973.0,973.0
461.0,736.0,736.0
363.0,239.0,363.0
59.0,158.0,158.0
314.0,919.0,919.0
696.0,391.0,696.0
247.0,53.0,247.0
873.0,687.0,873.0
836.0,595.0,836.0
78.0,526.0,526.0
837.0,660.0,837.0
378.0,142.0,378.0
474.0,838.0,838.0
227.0,336.0,336.0
995.0,38.0,995.0
467.0,651.0,651.0
898.0,260.0,898.0
503.0,953.0,953.0
248.0,163.0,248.0
427.0,827.0,827.0
986.0,371.0,986.0
757.0,402.0,757.0
781.0,3.0,781.0
721.0,70.0,721.0
470.0,299.0,470.0
506.0,980.0,980.0
634.0,305.0,634.0
753.0,314.0,753.0
70.0,417.0,417.0
258.0,821.0,821.0
391.0,472.0,472.0
933.0,440.0,933.0
718.0,249.0,718.0
869.0,628.0,869.0
38.0,750.0,750.0
359.0,289.0,359.0
45.0,310.0,310.0
165.0,158.0,165.0
144.0,735.0,735.0
773.0,619.0,773.0
390.0,536.0,536.0
484.0,141.0,484.0
405.0,763.0,763.0
71.0,230.0,230.0
336.0,240.0,336.0
544.0,676.0,676.0
460.0,815.0,815.0
922.0,84.0,922.0
65.0,406.0,406.0
363.0,479.0,479.0
673.0,2.0,673.0
991.0,38.0,991.0
24.0,134.0,134.0
662.0,970.0,970.0
723.0,940.0,940.0
100.0,833.0,833.0
262.0,557.0,557.0
474.0,21.0,474.0
263.0,558.0,558.0
403.0,962.0,962.0
567.0,429.0,567.0
184.0,118.0,184.0
317.0,702.0,702.0
439.0,713.0,713.0
703.0,543.0,703.0
831.0,467.0,831.0
90.0,84.0,90.0
201.0,286.0,286.0
940.0,819.0,940.0
443.0,782.0,782.0
620.0,780.0,780.0
643.0,339.0,643.0
344.0,279.0,344.0
792.0,750.0,792.0
689.0,530.0,689.0
256.0,847.0,847.0
710.0,41.0,710.0
890.0,612.0,890.0
914.0,410.0,914.0
59.0,213.0,213.0
401.0,725.0,725.0
484.0,825.0,825.0
112.0,649.0,649.0
578.0,616.0,616.0
784.0,26.0,784.0
319.0,585.0,585.0
83.0,674.0,674.0
66.0,894.0,894.0
976.0,507.0,976.0
1000.0,342.0,1000.0
321.0,582.0,582.0
661.0,136.0,661.0
16.0,827.0,827.0
879.0,407.0,879.0
696.0,504.0,696.0
476.0,112.0,476.0
952.0,591.0,952.0
63.0,741.0,741.0
157.0,452.0,452.0
227.0,648.0,648.0
723.0,716.0,723.0
913.0,619.0,913.0
334.0,514.0,514.0
984.0,481.0,984.0
176.0,877.0,877.0
443.0,703.0,703.0
867.0,639.0,867.0
700.0,45.0,700.0
647.0,903.0,903.0
271.0,474.0,474.0
46.0,697.0,697.0
632.0,551.0,632.0
168.0,382.0,382.0
717.0,692.0,717.0
905.0,893.0,905.0
937.0,4.0,937.0
866.0,778.0,866.0
332.0,812.0,812.0
922.0,620.0,922.0
825.0,226.0,825.0
549.0,982.0,982.0
333.0,901.0,901.0
316.0,638.0,638.0
150.0,613.0,613.0
727.0,678.0,727.0
592.0,401.0,592.0
817.0,54.0,817.0
121.0,812.0,812.0
899.0,887.0,899.0
536.0,66.0,536.0
755.0,884.0,884.0
50.0,767.0,767.0
149.0,520.0,520.0
465.0,169.0,465.0
577.0,7.0,577.0
513.0,371.0,513.0
615.0,125.0,615.0
328.0,891.0,891.0
93.0,315.0,315.0
573.0,234.0,573.0
853.0,331.0,853.0
730.0,707.0,730.0
955.0,281.0,955.0
715.0,828.0,828.0
465.0,55.0,465.0
622.0,453.0,622.0
499.0,256.0,499.0
206.0,168.0,206.0
762.0,739.0,762.0
707.0,528.0,707.0
229.0,289.0,289.0
654.0,273.0,654.0
522.0,948.0,948.0
503.0,417.0,503.0
277.0,718.0,718.0
685.0,568.0,685.0
868.0,935.0,935.0
907.0,583.0,907.0
189.0,383.0,383.0
324.0,336.0,336.0
997.0,150.0,997.0
945.0,500.0,945.0
288.0,453.0,453.0
762.0,90.0,762.0
553.0,862.0,862.0
616.0,171.0,616.0
267.0,484.0,484.0
323.0,792.0,792.0
742.0,314.0,742.0
385.0,354.0,385.0
741.0,339.0,741.0
410.0,430.0,430.0
756.0,725.0,756.0
799.0,949.0,949.0
772.0,244.0,772.0
861.0,874.0,874.0
195.0,392.0,392.0
447.0,911.0,911.0
985.0,489.0,985.0
579.0,136.0,579.0
282.0,529.0,529.0
650.0,949.0,949.0
912.0,622.0,912.0
421.0,386.0,421.0
63.0,861.0,861.0
174.0,772.0,772.0
685.0,314.0,685.0
305.0,753.0,753.0
957.0,547.0,957.0
423.0,86.0,423.0
518.0,695.0,695.0
937.0,615.0,937.0
598.0,955.0,955.0
622.0,608.0,622.0
747.0,776.0,776.0
60.0,756.0,756.0
992.0,787.0,992.0
933.0,724.0,933.0
82.0,885.0,885.0
368.0,992.0,992.0
127.0,680.0,680.0
763.0,74.0,763.0
515.0,632.0,632.0
306.0,788.0,788.0
819.0,628.0,819.0
544.0,307.0,544.0
662.0,850.0,850.0
856.0,247.0,856.0
338.0,947.0,947.0
855.0,157.0,855.0
595.0,262.0,595.0
691.0,812.0,812.0
781.0,576.0,781.0
867.0,843.0,867.0
860.0,54.0,860.0
275.0,730.0,730.0
194.0,202.0,202.0
22.0,536.0,536.0
92.0,131.0,131.0
83.0,401.0,401.0
910.0,370.0,910.0
692.0,260.0,692.0
15.0,438.0,438.0
206.0,697.0,697.0
479.0,418.0,479.0
477.0,8.0,477.0
282.0,542.0,542.0
309.0,241.0,309.0
362.0,104.0,362.0
818.0,43.0,818.0
413.0,437.0,437.0
479.0,945.0,945.0
568.0,658.0,658.0
339.0,361.0,361.0
52.0,650.0,650.0
353.0,623.0,623.0
603.0,395.0,603.0
749.0,24.0,749.0
787.0,231.0,787.0
110.0,476.0,476.0
30.0,815.0,815.0
674.0,765.0,765.0
109.0,786.0,786.0
887.0,287.0,887.0
138.0,561.0,561.0
886.0,394.0,886.0
629.0,80.0,629.0
106.0,155.0,155.0
647.0,819.0,819.0
38.0,436.0,436.0
977.0,69.0,977.0
256.0,240.0,256.0
724.0,222.0,724.0
986.0,795.0,986.0
850.0,749.0,850.0
890.0,526.0,890.0
612.0,497.0,612.0
883.0,954.0,954.0
511.0,274.0,511.0
290.0,910.0,910.0
221.0,481.0,481.0
592.0,15.0,592.0
969.0,32.0,969.0
731.0,133.0,731.0
597.0,16.0,597.0
599.0,848.0,848.0
588.0,65.0,588.0
612.0,349.0,612.0
311.0,65.0,311.0
908.0,317.0,908.0
270.0,272.0,272.0
302.0,426.0,426.0
445.0,338.0,445.0
368.0,823.0,823.0
750.0,425.0,750.0
498.0,336.0,498.0
911.0,440.0,911.0
830.0,689.0,830.0
227.0,919.0,919.0
987.0,306.0,987.0
548.0,186.0,548.0
934.0,893.0,934.0
471.0,425.0,471.0
702.0,594.0,702.0
43.0,293.0,293.0
515.0,43.0,515.0
81.0,812.0,812.0
431.0,315.0,431.0
76.0,543.0,543.0
512.0,609.0,609.0
445.0,176.0,445.0
458.0,396.0,458.0
544.0,555.0,555.0
586.0,961.0,961.0
47.0,927.0,927.0
228.0,982.0,982.0
941.0,686.0,941.0
141.0,546.0,546.0
827.0,970.0,970.0
50.0,768.0,768.0
33.0,542.0,542.0
321.0,97.0,321.0
200.0,668.0,668.0
601.0,275.0,601.0
990.0,689.0,990.0
824.0,144.0,824.0
753.0,325.0,753.0
367.0,961.0,961.0
38.0,534.0,534.0
124.0,914.0,914.0
669.0,802.0,802.0
384.0,749.0,749.0
8.0,751.0,751.0
867.0,94.0,867.0
150.0,618.0,618.0
347.0,350.0,350.0
341.0,405.0,405.0
551.0,291.0,551.0
957.0,693.0,957.0
21.0,373.0,373.0
973.0,897.0,973.0
242.0,109.0,242.0
22.0,920.0,920.0
838.0,267.0,838.0
842.0,860.0,860.0
669.0,167.0,669.0
951.0,44.0,951.0
776.0,869.0,869.0
508.0,751.0,751.0
459.0,731.0,731.0
523.0,479.0,523.0
374.0,910.0,910.0
184.0,234.0,234.0
20.0,369.0,369.0
555.0,505.0,555.0
44.0,523.0,523.0
332.0,783.0,783.0
135.0,343.0,343.0
605.0,71.0,605.0
20.0,198.0,198.0
760.0,174.0,760.0
788.0,227.0,788.0
857.0,37.0,857.0
804.0,256.0,804.0
649.0,525.0,649.0
707.0,53.0,707.0
886.0,415.0,886.0
449.0,211.0,449.0
870.0,475.0,870.0
574.0,711.0,711.0
293.0,218.0,293.0
684.0,210.0,684.0
446.0,792.0,792.0
668.0,481.0,668.0
942.0,457.0,942.0
462.0,220.0,462.0
369.0,309.0,369.0
181.0,308.0,308.0
497.0,512.0,512.0
669.0,442.0,669.0
457.0,474.0,474.0
390.0,353.0,390.0
863.0,992.0,992.0
148.0,725.0,725.0
597.0,725.0,725.0
173.0,732.0,732.0
492.0,794.0,794.0
224.0,1.0,224.0
707.0,648.0,707.0
261.0,406.0,406.0
597.0,732.0,732.0
0.0,422.0,422.0
664.0,691.0,691.0
25.0,214.0,214.0
140.0,566.0,566.0
188.0,459.0,459.0
917.0,308.0,917.0
768.0,951.0,951.0
12.0,315.0,315.0
600.0,915.0,915.0
850.0,725.0,850.0
578.0,624.0,624.0
837.0,821.0,837.0
553.0,887.0,887.0
306.0,163.0,306.0
492.0,902.0,902.0
149.0,979.0,979.0
98.0,976.0,976.0
425.0,317.0,425.0
805.0,292.0,805.0
782.0,935.0,935.0
536.0,404.0,536.0
409.0,275.0,409.0
5.0,928.0,928.0
451.0,831.0,831.0
761.0,259.0,761.0
498.0,11.0,498.0
865.0,129.0,865.0
649.0,152.0,649.0
488.0,108.0,488.0
74.0,3.0,74.0
712.0,506.0,712.0
931.0,772.0,931.0
444.0,124.0,444.0
775.0,331.0,775.0
991.0,124.0,991.0
553.0,159.0,553.0
228.0,732.0,732.0
614.0,674.0,674.0
321.0,500.0,500.0
188.0,78.0,188.0
180.0,65.0,180.0
620.0,388.0,620.0
18.0,797.0,797.0
516.0,940.0,940.0
507.0,217.0,507.0
717.0,220.0,717.0
540.0,260.0,540.0
143.0,779.0,779.0
187.0,690.0,690.0
62.0,109.0,109.0
443.0,821.0,821.0
739.0,713.0,739.0
792.0,667.0,792.0
845.0,343.0,845.0
41.0,497.0,497.0
401.0,411.0,411.0
417.0,272.0,417.0
883.0,830.0,883.0
577.0,46.0,577.0
678.0,587.0,678.0
492.0,180.0,492.0
370.0,398.0,398.0
792.0,852.0,852.0
508.0,661.0,661.0
246.0,544.0,544.0
570.0,286.0,570.0
194.0,915.0,915.0
594.0,841.0,841.0
870.0,374.0,870.0
44.0,545.0,545.0
169.0,60.0,169.0
511.0,65.0,511.0
379.0,832.0,832.0
118.0,653.0,653.0
187.0,357.0,357.0
117.0,340.0,340.0
115.0,990.0,990.0
71.0,654.0,654.0
36.0,919.0,919.0
793.0,551.0,793.0
502.0,835.0,835.0
861.0,702.0,861.0
818.0,819.0,819.0
360.0,701.0,701.0
951.0,496.0,951.0
502.0,383.0,502.0
391.0,2.0,391.0
608.0,578.0,608.0
35.0,641.0,641.0
471.0,171.0,471.0
198.0,144.0,198.0
985.0,575.0,985.0
147.0,248.0,248.0
81.0,862.0,862.0
73.0,94.0,94.0
947.0,761.0,947.0
713.0,506.0,713.0
746.0,840.0,840.0
936.0,260.0,936.0
113.0,644.0,644.0
776.0,883.0,883.0
308.0,17.0,308.0
22.0,952.0,952.0
47.0,641.0,641.0
546.0,276.0,546.0
153.0,819.0,819.0
469.0,918.0,918.0
265.0,237.0,265.0
338.0,266.0,338.0
398.0,376.0,398.0
811.0,567.0,811.0
790.0,899.0,899.0
926.0,133.0,926.0
751.0,312.0,751.0
24.0,124.0,124.0
552.0,987.0,987.0
592.0,524.0,592.0
512.0,467.0,512.0
103.0,788.0,788.0
994.0,876.0,994.0
345.0,692.0,692.0
929.0,828.0,929.0
790.0,578.0,790.0
474.0,647.0,647.0
532.0,16.0,532.0
26.0,911.0,911.0
775.0,613.0,775.0
523.0,403.0,523.0
813.0,453.0,813.0
842.0,722.0,842.0
154.0,639.0,639.0
128.0,790.0,790.0
730.0,253.0,730.0
44.0,549.0,549.0
583.0,803.0,803.0
959.0,205.0,959.0
187.0,548.0,548.0
371.0,92.0,371.0
274.0,16.0,274.0
930.0,335.0,930.0
591.0,486.0,591.0
754.0,859.0,859.0
592.0,390.0,592.0
574.0,62.0,574.0
652.0,281.0,652.0
278.0,639.0,639.0
682.0,35.0,682.0
354.0,29.0,354.0
448.0,691.0,691.0
759.0,811.0,811.0
524.0,875.0,875.0
311.0,388.0,388.0
665.0,32.0,665.0
433.0,384.0,433.0
998.0,139.0,998.0
455.0,582.0,582.0
135.0,296.0,296.0
185.0,391.0,391.0
141.0,801.0,801.0
271.0,342.0,342.0
138.0,870.0,870.0
736.0,428.0,736.0
42.0,53.0,53.0
998.0,693.0,998.0
357.0,167.0,357.0
300.0,628.0,628.0
2.0,149.0,149.0
590.0,712.0,712.0
521.0,326.0,521.0
679.0,472.0,679.0
115.0,365.0,365.0
81.0,860.0,860.0
403.0,12.0,403.0
701.0,861.0,861.0
846.0,226.0,846.0
111.0,660.0,660.0
673.0,614.0,673.0
513.0,207.0,513.0
263.0,383.0,383.0
526.0,707.0,707.0
845.0,841.0,845.0
315.0,853.0,853.0
920.0,151.0,920.0
675.0,760.0,760.0
915.0,403.0,915.0
809.0,536.0,809.0
929.0,177.0,929.0
53.0,467.0,467.0
719.0,353.0,719.0
629.0,130.0,629.0
906.0,729.0,906.0
941.0,671.0,941.0
737.0,27.0,737.0
960.0,224.0,960.0
684.0,429.0,684.0
399.0,432.0,432.0
649.0,548.0,649.0
172.0,796.0,796.0
417.0,875.0,875.0
343.0,747.0,747.0
140.0,185.0,185.0
383.0,799.0,799.0
149.0,418.0,418.0
178.0,449.0,449.0
927.0,945.0,945.0
162.0,790.0,790.0
43.0,219.0,219.0
692.0,716.0,716.0
446.0,515.0,515.0
396.0,794.0,794.0
308.0,945.0,945.0
169.0,596.0,596.0
935.0,505.0,935.0
403.0,683.0,683.0
25.0,826.0,826.0
499.0,499.0,499.0
531.0,701.0,701.0
391.0,764.0,764.0
718.0,13.0,718.0
650.0,176.0,650.0
345.0,268.0,345.0
187.0,115.0,187.0
48.0,701.0,701.0
388.0,668.0,668.0
1.0,391.0,391.0
994.0,104.0,994.0
365.0,56.0,365.0
549.0,575.0,575.0
437.0,764.0,764.0
814.0,402.0,814.0
78.0,864.0,864.0
19.0,258.0,258.0
452.0,23.0,452.0
470.0,207.0,470.0
469.0,225.0,469.0
295.0,173.0,295.0
744.0,217.0,744.0
474.0,96.0,474.0
547.0,998.0,998.0
817.0,192.0,817.0
57.0,768.0,768.0
790.0,975.0,975.0
121.0,633.0,633.0
822.0,35.0,822.0
813.0,404.0,813.0
686.0,572.0,686.0
820.0,259.0,820.0
786.0,924.0,924.0
541.0,766.0,766.0
565.0,629.0,629.0
736.0,372.0,736.0
670.0,943.0,943.0
70.0,628.0,628.0
155.0,307.0,307.0
314.0,114.0,314.0
610.0,453.0,610.0
860.0,264.0,860.0
319.0,469.0,469.0
273.0,241.0,273.0
23.0,503.0,503.0
616.0,331.0,616.0
486.0,170.0,486.0
133.0,175.0,175.0
668.0,560.0,668.0
582.0,830.0,830.0
287.0,841.0,841.0
491.0,850.0,850.0
355.0,977.0,977.0
496.0,971.0,971.0
95.0,506.0,506.0
676.0,347.0,676.0
168.0,759.0,759.0
317.0,16.0,317.0
781.0,422.0,781.0
337.0,713.0,713.0
373.0,573.0,573.0
695.0,105.0,695.0
710.0,48.0,710.0
962.0,480.0,962.0
899.0,585.0,899.0
241.0,553.0,553.0
159.0,54.0,159.0
995.0,629.0,995.0
14.0,822.0,822.0
78.0,53.0,78.0
73.0,371.0,371.0
276.0,958.0,958.0
761.0,11.0,761.0
42.0,909.0,909.0
655.0,920.0,920.0
271.0,261.0,271.0
196.0,321.0,321.0
288.0,345.0,345.0
138.0,804.0,804.0
381.0,939.0,939.0
424.0,746.0,746.0
778.0,471.0,778.0
129.0,743.0,743.0
470.0,110.0,470.0
973.0,948.0,973.0
485.0,443.0,485.0
966.0,134.0,966.0
152.0,129.0,152.0
155.0,144.0,155.0
651.0,24.0,651.0
137.0,474.0,474.0
438.0,730.0,730.0
200.0,664.0,664.0
79.0,948.0,948.0
753.0,212.0,753.0
836.0,111.0,836.0
403.0,220.0,403.0
608.0,670.0,670.0
219.0,136.0,219.0
890.0,833.0,890.0
711.0,989.0,989.0
504.0,468.0,504.0
257.0,101.0,257.0
695.0,269.0,695.0
673.0,374.0,673.0
658.0,997.0,997.0
573.0,484.0,573.0
448.0,380.0,448.0
1.0,981.0,981.0
559.0,980.0,980.0
414.0,460.0,460.0
298.0,469.0,469.0
438.0,28.0,438.0
14.0,558.0,558.0
274.0,578.0,578.0
830.0,779.0,830.0
497.0,649.0,649.0
718.0,154.0,718.0
287.0,807.0,807.0
497.0,199.0,497.0
133.0,710.0,710.0
96.0,958.0,958.0
634.0,224.0,634.0
80.0,252.0,252.0
30.0,984.0,984.0
599.0,281.0,599.0
905.0,485.0,905.0
890.0,374.0,890.0
206.0,521.0,521.0
167.0,329.0,329.0
816.0,810.0,816.0
245.0,873.0,873.0
8.0,299.0,299.0
982.0,889.0,982.0
189.0,518.0,518.0
285.0,61.0,285.0
49.0,445.0,445.0
882.0,630.0,882.0
46.0,670.0,670.0
855.0,131.0,855.0
483.0,906.0,906.0
501.0,247.0,501.0
959.0,462.0,959.0
599.0,531.0,599.0
62.0,171.0,171.0
269.0,508.0,508.0
281.0,345.0,345.0
772.0,775.0,775.0
728.0,917.0,917.0
705.0,119.0,705.0
741.0,694.0,741.0
767.0,408.0,767.0
684.0,749.0,749.0
509.0,570.0,570.0
695.0,879.0,879.0
846.0,123.0,846.0
770.0,538.0,770.0
860.0,945.0,945.0
100.0,557.0,557.0
453.0,736.0,736.0
253.0,165.0,253.0
363.0,202.0,363.0
736.0,784.0,784.0
579.0,815.0,815.0
160.0,226.0,226.0
63.0,872.0,872.0
79.0,999.0,999.0
1000.0,499.0,1000.0
832.0,362.0,832.0
355.0,855.0,855.0
838.0,390.0,838.0
2.0,260.0,260.0
957.0,698.0,957.0
933.0,284.0,933.0
958.0,193.0,958.0
600.0,100.0,600.0
371.0,386.0,386.0
969.0,561.0,969.0
120.0,112.0,120.0
531.0,278.0,531.0
835.0,715.0,835.0
391.0,865.0,865.0
272.0,861.0,861.0
935.0,937.0,937.0
879.0,610.0,879.0
96.0,673.0,673.0
468.0,556.0,556.0
121.0,456.0,456.0
869.0,346.0,869.0
307.0,147.0,307.0
129.0,31.0,129.0
979.0,986.0,986.0
420.0,606.0,606.0
175.0,481.0,481.0
501.0,140.0,501.0
81.0,59.0,81.0
177.0,56.0,177.0
571.0,953.0,953.0
297.0,575.0,575.0
199.0,444.0,444.0
372.0,88.0,372.0
753.0,793.0,793.0
133.0,64.0,133.0
823.0,407.0,823.0
58.0,416.0,416.0
236.0,473.0,473.0
937.0,839.0,937.0
593.0,296.0,593.0
992.0,145.0,992.0
943.0,766.0,943.0
753.0,57.0,753.0
576.0,712.0,712.0
109.0,837.0,837.0
147.0,729.0,729.0
855.0,964.0,964.0
8.0,902.0,902.0
618.0,108.0,618.0
296.0,618.0,618.0
462.0,695.0,695.0
365.0,841.0,841.0
706.0,634.0,706.0
93.0,944.0,944.0
268.0,730.0,730.0
656.0,644.0,656.0
227.0,20.0,227.0
402.0,492.0,492.0
142.0,990.0,990.0
659.0,562.0,659.0
906.0,680.0,906.0
233.0,147.0,233.0
854.0,861.0,861.0
804.0,563.0,804.0
498.0,410.0,498.0
311.0,76.0,311.0
918.0,30.0,918.0
523.0,608.0,608.0
511.0,53.0,511.0
707.0,918.0,918.0
698.0,594.0,698.0
981.0,506.0,981.0
303.0,767.0,767.0
254.0,594.0,594.0
153.0,314.0,314.0
838.0,89.0,838.0
198.0,641.0,641.0
394.0,385.0,394.0
641.0,831.0,831.0
588.0,953.0,953.0
715.0,298.0,715.0
124.0,251.0,251.0
765.0,994.0,994.0
687.0,739.0,739.0
515.0,698.0,698.0
647.0,346.0,647.0
95.0,482.0,482.0
114.0,110.0,114.0
738.0,244.0,738.0
717.0,917.0,917.0
643.0,832.0,832.0
732.0,59.0,732.0
572.0,112.0,572.0
145.0,969.0,969.0
334.0,216.0,334.0
323.0,542.0,542.0
824.0,333.0,824.0
88.0,368.0,368.0
530.0,765.0,765.0
454.0,693.0,693.0
723.0,840.0,840.0
597.0,309.0,597.0
485.0,887.0,887.0
874.0,861.0,874.0
728.0,691.0,728.0
311.0,551.0,551.0
953.0,177.0,953.0
295.0,367.0,367.0
763.0,823.0,823.0
238.0,557.0,557.0
459.0,252.0,459.0
823.0,293.0,823.0
557.0,532.0,557.0
188.0,333.0,333.0
456.0,695.0,695.0
900.0,545.0,900.0
555.0,185.0,555.0
261.0,17.0,261.0
939.0,661.0,939.0
389.0,656.0,656.0
505.0,658.0,658.0
294.0,628.0,628.0
29.0,552.0,552.0
801.0,299.0,801.0
123.0,581.0,581.0
410.0,560.0,560.0
857.0,392.0,857.0
766.0,336.0,766.0
925.0,991.0,991.0
180.0,340.0,340.0
947.0,757.0,947.0
407.0,99.0,407.0
553.0,300.0,553.0
333.0,891.0,891.0
64.0,803.0,803.0
502.0,321.0,502.0
563.0,771.0,771.0
701.0,763.0,763.0
155.0,325.0,325.0
899.0,913.0,913.0
598.0,125.0,598.0
163.0,42.0,163.0
995.0,441.0,995.0
317.0,979.0,979.0
342.0,307.0,342.0
266.0,929.0,929.0
945.0,410.0,945.0
0.0,85.0,85.0
97.0,994.0,994.0
515.0,953.0,953.0
122.0,877.0,877.0
435.0,172.0,435.0
470.0,297.0,470.0
784.0,437.0,784.0
435.0,692.0,692.0
728.0,547.0,728.0
665.0,18.0,665.0
312.0,719.0,719.0
427.0,822.0,822.0
301.0,81.0,301.0
900.0,453.0,900.0
720.0,969.0,969.0
728.0,218.0,728.0
247.0,512.0,512.0
900.0,905.0,905.0
563.0,820.0,820.0
471.0,948.0,948.0
159.0,212.0,212.0
58.0,591.0,591.0
757.0,147.0,757.0
823.0,5.0,823.0
843.0,136.0,843.0
477.0,54.0,477.0
24.0,308.0,308.0
395.0,855.0,855.0
673.0,579.0,673.0
540.0,409.0,540.0
700.0,9.0,700.0
275.0,935.0,935.0
469.0,531.0,531.0
799.0,1.0,799.0
750.0,933.0,933.0
918.0,188.0,918.0
970.0,605.0,970.0
411.0,563.0,563.0
992.0,678.0,992.0
9.0,816.0,816.0
401.0,892.0,892.0
99.0,111.0,111.0
839.0,926.0,926.0
655.0,256.0,655.0
582.0,421.0,582.0
150.0,533.0,533.0
501.0,580.0,580.0
747.0,923.0,923.0
647.0,118.0,647.0
30.0,633.0,633.0
943.0,440.0,943.0
350.0,743.0,743.0
520.0,90.0,520.0
789.0,892.0,892.0
612.0,482.0,612.0
83.0,14.0,83.0
700.0,307.0,700.0
7.0,903.0,903.0
356.0,556.0,556.0
388.0,449.0,449.0
36.0,276.0,276.0
125.0,930.0,930.0
718.0,831.0,831.0
86.0,381.0,381.0
737.0,473.0,737.0
158.0,521.0,521.0
752.0,417.0,752.0
176.0,51.0,176.0
66.0,112.0,112.0
137.0,695.0,695.0
732.0,249.0,732.0
955.0,41.0,955.0
476.0,416.0,476.0
364.0,704.0,704.0
719.0,260.0,719.0
311.0,809.0,809.0
410.0,687.0,687.0
996.0,484.0,996.0
218.0,143.0,218.0
582.0,811.0,811.0
876.0,430.0,876.0
806.0,866.0,866.0
708.0,10.0,708.0
613.0,727.0,727.0
839.0,539.0,839.0
205.0,268.0,268.0
380.0,325.0,380.0
21.0,992.0,992.0
712.0,807.0,807.0
210.0,590.0,590.0
896.0,684.0,896.0
865.0,127.0,865.0
100.0,182.0,182.0
31.0,649.0,649.0
145.0,57.0,145.0
449.0,427.0,449.0
405.0,771.0,771.0
401.0,102.0,401.0
106.0,95.0,106.0
762.0,254.0,762.0
235.0,513.0,513.0
660.0,209.0,660.0
72.0,398.0,398.0
241.0,699.0,699.0
245.0,914.0,914.0
161.0,972.0,972.0
962.0,122.0,962.0
745.0,409.0,745.0
420.0,580.0,580.0
980.0,277.0,980.0
307.0,64.0,307.0
709.0,622.0,709.0
403.0,436.0,436.0
522.0,902.0,902.0
459.0,866.0,866.0
82.0,791.0,791.0
993.0,193.0,993.0
523.0,246.0,523.0
697.0,191.0,697.0
345.0,41.0,345.0
180.0,819.0,819.0
134.0,408.0,408.0
261.0,213.0,261.0
800.0,206.0,800.0
462.0,259.0,462.0
988.0,661.0,988.0
955.0,530.0,955.0
598.0,191.0,598.0
14.0,152.0,152.0
105.0,9.0,105.0
689.0,168.0,689.0
636.0,632.0,636.0
655.0,993.0,993.0
491.0,559.0,559.0
937.0,867.0,937.0
785.0,630.0,785.0
979.0,816.0,979.0
231.0,591.0,591.0
918.0,970.0,970.0
281.0,181.0,281.0
59.0,563.0,563.0
96.0,569.0,569.0
896.0,746.0,896.0
301.0,589.0,589.0
761.0,692.0,761.0
562.0,95.0,562.0
921.0,686.0,921.0
875.0,305.0,875.0
346.0,35.0,346.0
458.0,79.0,458.0
905.0,251.0,905.0
752.0,801.0,801.0
468.0,508.0,508.0
973.0,172.0,973.0
490.0,684.0,684.0
71.0,502.0,502.0
832.0,565.0,832.0
594.0,960.0,960.0
311.0,113.0,311.0
820.0,682.0,820.0
83.0,555.0,555.0
146.0,771.0,771.0
679.0,208.0,679.0
410.0,583.0,583.0
997.0,671.0,997.0
435.0,492.0,492.0
127.0,536.0,536.0
368.0,423.0,423.0
603.0,723.0,723.0
799.0,124.0,799.0
658.0,841.0,841.0
159.0,775.0,775.0
579.0,582.0,582.0
329.0,33.0,329.0
134.0,365.0,365.0
3.0,536.0,536.0
611.0,820.0,820.0
772.0,249.0,772.0
735.0,436.0,735.0
101.0,530.0,530.0
512.0,271.0,512.0
346.0,381.0,381.0
940.0,996.0,996.0
757.0,960.0,960.0
298.0,566.0,566.0
882.0,467.0,882.0
250.0,454.0,454.0
942.0,38.0,942.0
452.0,2.0,452.0
35.0,61.0,61.0
457.0,18.0,457.0
35.0,804.0,804.0
469.0,150.0,469.0
663.0,863.0,863.0
636.0,352.0,636.0
129.0,647.0,647.0
269.0,36.0,269.0
218.0,903.0,903.0
349.0,897.0,897.0
397.0,156.0,397.0
184.0,743.0,743.0
673.0,319.0,673.0
816.0,748.0,816.0
501.0,735.0,735.0
822.0,592.0,822.0
289.0,750.0,750.0
469.0,148.0,469.0
155.0,83.0,155.0
466.0,855.0,855.0
378.0,451.0,451.0
12.0,101.0,101.0
792.0,767.0,792.0
354.0,573.0,573.0
45.0,699.0,699.0
622.0,941.0,941.0
70.0,379.0,379.0
303.0,896.0,896.0
971.0,647.0,971.0
598.0,105.0,598.0
924.0,413.0,924.0
745.0,784.0,784.0
419.0,686.0,686.0
367.0,295.0,367.0
831.0,126.0,831.0
578.0,575.0,578.0
776.0,505.0,776.0
910.0,631.0,910.0
340.0,63.0,340.0
100.0,964.0,964.0
503.0,85.0,503.0
971.0,766.0,971.0
826.0,128.0,826.0
8.0,357.0,357.0
344.0,788.0,788.0
769.0,160.0,769.0
231.0,547.0,547.0
489.0,489.0,489.0
361.0,129.0,361.0
525.0,420.0,525.0
202.0,683.0,683.0
796.0,100.0,796.0
617.0,344.0,617.0
286.0,400.0,400.0
167.0,732.0,732.0
965.0,679.0,965.0
867.0,629.0,867.0
709.0,185.0,709.0
732.0,234.0,732.0
138.0,456.0,456.0
323.0,504.0,504.0
379.0,350.0,379.0
525.0,309.0,525.0
64.0,982.0,982.0
622.0,821.0,821.0
334.0,47.0,334.0
593.0,937.0,937.0
393.0,688.0,688.0
565.0,131.0,565.0
10.0,525.0,525.0
794.0,944.0,944.0
605.0,262.0,605.0
500.0,359.0,500.0
17.0,776.0,776.0
5.0,383.0,383.0
389.0,966.0,966.0
615.0,499.0,615.0
304.0,268.0,304.0
898.0,13.0,898.0
477.0,344.0,477.0
279.0,194.0,279.0
313.0,85.0,313.0
123.0,30.0,123.0
455.0,287.0,455.0
159.0,89.0,159.0
113.0,797.0,797.0
759.0,139.0,759.0
316.0,749.0,749.0
994.0,65.0,994.0
947.0,16.0,947.0
364.0,379.0,379.0
684.0,240.0,684.0
488.0,587.0,587.0
7.0,686.0,686.0
778.0,524.0,778.0
866.0,31.0,866.0
982.0,393.0,982.0
246.0,183.0,246.0
618.0,299.0,618.0
450.0,212.0,450.0
112.0,156.0,156.0
671.0,575.0,671.0
256.0,778.0,778.0
627.0,301.0,627.0
840.0,359.0,840.0
544.0,514.0,544.0
622.0,782.0,782.0
209.0,194.0,209.0
817.0,775.0,817.0
957.0,13.0,957.0
956.0,298.0,956.0
220.0,685.0,685.0
596.0,842.0,842.0
288.0,450.0,450.0
518.0,448.0,518.0
574.0,929.0,929.0
486.0,295.0,486.0
814.0,81.0,814.0
576.0,626.0,626.0
196.0,613.0,613.0
446.0,34.0,446.0
544.0,654.0,654.0
985.0,613.0,985.0
813.0,989.0,989.0
108.0,175.0,175.0
690.0,738.0,738.0
624.0,508.0,624.0
936.0,244.0,936.0
211.0,902.0,902.0
136.0,253.0,253.0
678.0,828.0,828.0
542.0,742.0,742.0
995.0,229.0,995.0
638.0,717.0,717.0
773.0,147.0,773.0
303.0,827.0,827.0
194.0,794.0,794.0
718.0,772.0,772.0
250.0,902.0,902.0
892.0,529.0,892.0
828.0,836.0,836.0
103.0,381.0,381.0
260.0,98.0,260.0
608.0,893.0,893.0
139.0,752.0,752.0
487.0,472.0,487.0
572.0,385.0,572.0
42.0,403.0,403.0
629.0,339.0,629.0
787.0,312.0,787.0
3.0,551.0,551.0
96.0,757.0,757.0
461.0,377.0,461.0
322.0,12.0,322.0
255.0,740.0,740.0
361.0,373.0,373.0
22.0,235.0,235.0
675.0,535.0,675.0
672.0,126.0,672.0
322.0,243.0,322.0
446.0,489.0,489.0
683.0,608.0,683.0
945.0,94.0,945.0
353.0,94.0,353.0
32.0,940.0,940.0
715.0,959.0,959.0
810.0,792.0,810.0
258.0,825.0,825.0
587.0,488.0,587.0
800.0,803.0,803.0
490.0,885.0,885.0
505.0,867.0,867.0
548.0,254.0,548.0
631.0,207.0,631.0
932.0,343.0,932.0
910.0,856.0,910.0
776.0,704.0,776.0
783.0,814.0,814.0
693.0,603.0,693.0
788.0,71.0,788.0
134.0,203.0,203.0
709.0,979.0,979.0
647.0,660.0,660.0
458.0,748.0,748.0
395.0,160.0,395.0
65.0,564.0,564.0
317.0,74.0,317.0
943.0,126.0,943.0
159.0,462.0,462.0
874.0,352.0,874.0
811.0,368.0,811.0
778.0,211.0,778.0
906.0,516.0,906.0
943.0,575.0,943.0
255.0,99.0,255.0
770.0,439.0,770.0
954.0,697.0,954.0
270.0,440.0,440.0
571.0,204.0,571.0
888.0,375.0,888.0
669.0,547.0,669.0
332.0,946.0,946.0
914.0,534.0,914.0
906.0,397.0,906.0
116.0,49.0,116.0
393.0,110.0,393.0
271.0,632.0,632.0
692.0,517.0,692.0
909.0,320.0,909.0
131.0,543.0,543.0
122.0,644.0,644.0
936.0,75.0,936.0
42.0,476.0,476.0
813.0,92.0,813.0
225.0,935.0,935.0
433.0,489.0,489.0
522.0,997.0,997.0
704.0,24.0,704.0
754.0,550.0,754.0
582.0,113.0,582.0
968.0,962.0,968.0
755.0,819.0,819.0
98.0,719.0,719.0
964.0,441.0,964.0
376.0,354.0,376.0
112.0,41.0,112.0
777.0,130.0,777.0
815.0,890.0,890.0
36.0,327.0,327.0
877.0,384.0,877.0
375.0,203.0,375.0
68.0,517.0,517.0
615.0,55.0,615.0
896.0,250.0,896.0
314.0,4.0,314.0
454.0,123.0,454.0
17.0,755.0,755.0
512.0,786.0,786.0
184.0,989.0,989.0
58.0,379.0,379.0
11.0,647.0,647.0
762.0,828.0,828.0
563.0,224.0,563.0
587.0,885.0,885.0
925.0,602.0,925.0
449.0,399.0,449.0
719.0,925.0,925.0
846.0,548.0,846.0
985.0,383.0,985.0
165.0,333.0,333.0
225.0,982.0,982.0
971.0,607.0,971.0
580.0,286.0,580.0
178.0,450.0,450.0
787.0,28.0,787.0
129.0,967.0,967.0
482.0,384.0,482.0
915.0,653.0,915.0
861.0,703.0,861.0
464.0,476.0,476.0
733.0,555.0,733.0
118.0,622.0,622.0
143.0,651.0,651.0
540.0,821.0,821.0
581.0,985.0,985.0
69.0,258.0,258.0
922.0,297.0,922.0
258.0,246.0,258.0
540.0,486.0,540.0
303.0,276.0,303.0
946.0,964.0,964.0
844.0,317.0,844.0
932.0,53.0,932.0
303.0,50.0,303.0
654.0,858.0,858.0
139.0,741.0,741.0
741.0,205.0,741.0
760.0,669.0,760.0
788.0,427.0,788.0
534.0,298.0,534.0
840.0,783.0,840.0
584.0,42.0,584.0
809.0,133.0,809.0
102.0,188.0,188.0
491.0,365.0,491.0
232.0,340.0,340.0
789.0,746.0,789.0
256.0,831.0,831.0
40.0,516.0,516.0
144.0,126.0,144.0
210.0,283.0,283.0
323.0,749.0,749.0
209.0,978.0,978.0
682.0,170.0,682.0
864.0,148.0,864.0
952.0,202.0,952.0
427.0,308.0,427.0
539.0,494.0,539.0
0.0,11.0,11.0
19.0,401.0,401.0
105.0,531.0,531.0
831.0,125.0,831.0
654.0,745.0,745.0
274.0,907.0,907.0
864.0,149.0,864.0
270.0,806.0,806.0
804.0,181.0,804.0
511.0,779.0,779.0
962.0,50.0,962.0
527.0,931.0,931.0
583.0,886.0,886.0
633.0,99.0,633.0
779.0,453.0,779.0
725.0,999.0,999.0
460.0,891.0,891.0
811.0,603.0,811.0
571.0,275.0,571.0
675.0,263.0,675.0
968.0,623.0,968.0
449.0,687.0,687.0
880.0,101.0,880.0
871.0,883.0,883.0
715.0,89.0,715.0
145.0,129.0,145.0
943.0,142.0,943.0
426.0,958.0,958.0
529.0,822.0,822.0
664.0,122.0,664.0
947.0,923.0,947.0
77.0,379.0,379.0
736.0,654.0,736.0
883.0,939.0,939.0
830.0,758.0,830.0
330.0,357.0,357.0
677.0,502.0,677.0
532.0,777.0,777.0
495.0,669.0,669.0
2.0,412.0,412.0
516.0,73.0,516.0
600.0,128.0,600.0
983.0,863.0,983.0
206.0,603.0,603.0
235.0,101.0,235.0
458.0,727.0,727.0
492.0,522.0,522.0
786.0,595.0,786.0
53.0,233.0,233.0
580.0,485.0,580.0
934.0,109.0,934.0
394.0,68.0,394.0
553.0,768.0,768.0
847.0,325.0,847.0
681.0,180.0,681.0
195.0,370.0,370.0
984.0,949.0,984.0
278.0,416.0,416.0
225.0,520.0,520.0
430.0,994.0,994.0
369.0,402.0,402.0
2.0,911.0,911.0
257.0,8.0,257.0
878.0,106.0,878.0
564.0,900.0,900.0
889.0,390.0,889.0
712.0,43.0,712.0
825.0,642.0,825.0
471.0,211.0,471.0
503.0,204.0,503.0
516.0,200.0,516.0
969.0,24.0,969.0
507.0,439.0,507.0
122.0,433.0,433.0
691.0,938.0,938.0
606.0,730.0,730.0
142.0,380.0,380.0
40.0,213.0,213.0
78.0,650.0,650.0
254.0,975.0,975.0
109.0,221.0,221.0
182.0,980.0,980.0
593.0,465.0,593.0
351.0,920.0,920.0
18.0,216.0,216.0
543.0,820.0,820.0
199.0,724.0,724.0
347.0,625.0,625.0
196.0,628.0,628.0
148.0,234.0,234.0
295.0,476.0,476.0
398.0,957.0,957.0
481.0,159.0,481.0
307.0,365.0,365.0
281.0,998.0,998.0
504.0,615.0,615.0
915.0,244.0,915.0
125.0,81.0,125.0
232.0,889.0,889.0
261.0,112.0,261.0
793.0,927.0,927.0
867.0,511.0,867.0
689.0,165.0,689.0
794.0,543.0,794.0
218.0,113.0,218.0
602.0,488.0,602.0
199.0,382.0,382.0
379.0,482.0,482.0
962.0,950.0,962.0
234.0,425.0,425.0
315.0,548.0,548.0
915.0,400.0,915.0
733.0,881.0,881.0
873.0,688.0,873.0
405.0,48.0,405.0
635.0,331.0,635.0
717.0,473.0,717.0
789.0,584.0,789.0
332.0,663.0,663.0
157.0,965.0,965.0
383.0,758.0,758.0
806.0,53.0,806.0
108.0,722.0,722.0
465.0,164.0,465.0
828.0,145.0,828.0
786.0,672.0,786.0
19.0,162.0,162.0
169.0,284.0,284.0
709.0,220.0,709.0
743.0,589.0,743.0
79.0,614.0,614.0
882.0,444.0,882.0
389.0,569.0,569.0
348.0,15.0,348.0
581.0,234.0,581.0
395.0,403.0,403.0
250.0,354.0,354.0
8.0,41.0,41.0
754.0,84.0,754.0
571.0,614.0,614.0
572.0,236.0,572.0
254.0,793.0,793.0
195.0,524.0,524.0
825.0,470.0,825.0
111.0,21.0,111.0
603.0,444.0,603.0
274.0,631.0,631.0
469.0,329.0,469.0
67.0,644.0,644.0
905.0,509.0,905.0
55.0,243.0,243.0
876.0,250.0,876.0
576.0,865.0,865.0
220.0,660.0,660.0
994.0,904.0,994.0
563.0,274.0,563.0
105.0,195.0,195.0
430.0,646.0,646.0
359.0,711.0,711.0
413.0,172.0,413.0
274.0,617.0,617.0
505.0,225.0,505.0
131.0,143.0,143.0
118.0,213.0,213.0
781.0,826.0,826.0
961.0,276.0,961.0
240.0,803.0,803.0
765.0,916.0,916.0
430.0,497.0,497.0
551.0,998.0,998.0
856.0,500.0,856.0
105.0,489.0,489.0
225.0,657.0,657.0
611.0,966.0,966.0
368.0,830.0,830.0
721.0,971.0,971.0
786.0,341.0,786.0
13.0,583.0,583.0
446.0,705.0,705.0
591.0,502.0,591.0
882.0,44.0,882.0
761.0,984.0,984.0
446.0,557.0,557.0
144.0,583.0,583.0
704.0,21.0,704.0
704.0,214.0,704.0
875.0,35.0,875.0
921.0,770.0,921.0
551.0,278.0,551.0
385.0,252.0,385.0
115.0,634.0,634.0
680.0,135.0,680.0
55.0,908.0,908.0
356.0,554.0,554.0
229.0,376.0,376.0
634.0,741.0,741.0
482.0,927.0,927.0
564.0,682.0,682.0
130.0,900.0,900.0
810.0,4.0,810.0
163.0,138.0,163.0
110.0,139.0,139.0
590.0,19.0,590.0
343.0,981.0,981.0
151.0,139.0,151.0
186.0,955.0,955.0
324.0,718.0,718.0
57.0,397.0,397.0
188.0,329.0,329.0
206.0,800.0,800.0
462.0,510.0,510.0
932.0,284.0,932.0
74.0,237.0,237.0
166.0,433.0,433.0
696.0,777.0,777.0
527.0,26.0,527.0
992.0,275.0,992.0
224.0,790.0,790.0
159.0,312.0,312.0
760.0,225.0,760.0
573.0,819.0,819.0
852.0,324.0,852.0
595.0,112.0,595.0
556.0,68.0,556.0
313.0,519.0,519.0
345.0,529.0,529.0
248.0,578.0,578.0
282.0,591.0,591.0
17.0,461.0,461.0
698.0,586.0,698.0
996.0,698.0,996.0
712.0,275.0,712.0
645.0,813.0,813.0
915.0,346.0,915.0
349.0,649.0,649.0
688.0,611.0,688.0
241.0,684.0,684.0
290.0,397.0,397.0
731.0,51.0,731.0
971.0,803.0,971.0
680.0,904.0,904.0
153.0,957.0,957.0
862.0,968.0,968.0
537.0,544.0,544.0
638.0,16.0,638.0
569.0,556.0,569.0
50.0,768.0,768.0
474.0,738.0,738.0
837.0,201.0,837.0
992.0,581.0,992.0
665.0,579.0,665.0
17.0,803.0,803.0
439.0,973.0,973.0
843.0,422.0,843.0
197.0,629.0,629.0
148.0,147.0,148.0
364.0,592.0,592.0
630.0,956.0,956.0
899.0,421.0,899.0
590.0,811.0,811.0
190.0,98.0,190.0
915.0,470.0,915.0
327.0,809.0,809.0
980.0,938.0,980.0
187.0,992.0,992.0
829.0,65.0,829.0
787.0,448.0,787.0
655.0,662.0,662.0
843.0,913.0,913.0
876.0,59.0,876.0
209.0,231.0,231.0
506.0,632.0,632.0
947.0,438.0,947.0
761.0,237.0,761.0
470.0,460.0,470.0
357.0,441.0,441.0
645.0,759.0,759.0
250.0,593.0,593.0
800.0,433.0,800.0
714.0,9.0,714.0
99.0,235.0,235.0
43.0,958.0,958.0
825.0,438.0,825.0
482.0,374.0,482.0
898.0,606.0,898.0
142.0,734.0,734.0
749.0,994.0,994.0
285.0,706.0,706.0
693.0,917.0,917.0
880.0,898.0,898.0
977.0,49.0,977.0
436.0,407.0,436.0
45.0,439.0,439.0
318.0,90.0,318.0
843.0,517.0,843.0
636.0,42.0,636.0
621.0,39.0,621.0
692.0,863.0,863.0
896.0,195.0,896.0
228.0,394.0,394.0
146.0,870.0,870.0
1000.0,825.0,1000.0
830.0,988.0,988.0
560.0,161.0,560.0
849.0,241.0,849.0
987.0,758.0,987.0
13.0,917.0,917.0
165.0,72.0,165.0
284.0,349.0,349.0
756.0,79.0,756.0
215.0,496.0,496.0
4.0,362.0,362.0
586.0,606.0,606.0
967.0,538.0,967.0
266.0,642.0,642.0
836.0,395.0,836.0
911.0,76.0,911.0
113.0,103.0,113.0
164.0,787.0,787.0
915.0,505.0,915.0
939.0,293.0,939.0
873.0,499.0,873.0
985.0,827.0,985.0
388.0,643.0,643.0
712.0,555.0,712.0
364.0,800.0,800.0
695.0,507.0,695.0
889.0,393.0,889.0
941.0,859.0,941.0
355.0,274.0,355.0
933.0,189.0,933.0
773.0,287.0,773.0
772.0,332.0,772.0
909.0,224.0,909.0
622.0,15.0,622.0
990.0,880.0,990.0
936.0,229.0,936.0
307.0,62.0,307.0
912.0,914.0,914.0
625.0,232.0,625.0
248.0,13.0,248.0
493.0,472.0,493.0
729.0,769.0,769.0
500.0,586.0,586.0
163.0,762.0,762.0
880.0,51.0,880.0
14.0,877.0,877.0
492.0,137.0,492.0
429.0,686.0,686.0
179.0,876.0,876.0
277.0,188.0,277.0
92.0,419.0,419.0
808.0,672.0,808.0
204.0,972.0,972.0
698.0,55.0,698.0
940.0,211.0,940.0
607.0,277.0,607.0
145.0,782.0,782.0
398.0,852.0,852.0
956.0,174.0,956.0
311.0,439.0,439.0
684.0,5.0,684.0
803.0,906.0,906.0
254.0,456.0,456.0
876.0,283.0,876.0
145.0,192.0,192.0
978.0,895.0,978.0
449.0,689.0,689.0
689.0,880.0,880.0
540.0,216.0,540.0
781.0,828.0,828.0
399.0,217.0,399.0
15.0,948.0,948.0
363.0,217.0,363.0
556.0,761.0,761.0
510.0,494.0,510.0
351.0,507.0,507.0
531.0,114.0,531.0
63.0,916.0,916.0
925.0,920.0,925.0
435.0,289.0,435.0
751.0,861.0,861.0
26.0,185.0,185.0
526.0,997.0,997.0
687.0,114.0,687.0
187.0,735.0,735.0
829.0,269.0,829.0
442.0,63.0,442.0
897.0,472.0,897.0
913.0,983.0,983.0
859.0,891.0,891.0
831.0,540.0,831.0
594.0,168.0,594.0
301.0,457.0,457.0
461.0,669.0,669.0
292.0,68.0,292.0
295.0,14.0,295.0
1.0,774.0,774.0
684.0,461.0,684.0
771.0,636.0,771.0
944.0,425.0,944.0
526.0,391.0,526.0
806.0,721.0,806.0
820.0,653.0,820.0
730.0,852.0,852.0
84.0,464.0,464.0
821.0,706.0,821.0
775.0,188.0,775.0
448.0,779.0,779.0
252.0,705.0,705.0
95.0,407.0,407.0
357.0,64.0,357.0
70.0,160.0,160.0
648.0,309.0,648.0
807.0,389.0,807.0
605.0,61.0,605.0
410.0,76.0,410.0
893.0,394.0,893.0
911.0,828.0,911.0
433.0,301.0,433.0
592.0,743.0,743.0
769.0,459.0,769.0
834.0,258.0,834.0
492.0,992.0,992.0
437.0,832.0,832.0
833.0,78.0,833.0
423.0,167.0,423.0
569.0,388.0,569.0
937.0,667.0,937.0
804.0,994.0,994.0
225.0,735.0,735.0
6.0,527.0,527.0
454.0,858.0,858.0
370.0,680.0,680.0
187.0,408.0,408.0
582.0,856.0,856.0
386.0,120.0,386.0
132.0,760.0,760.0
997.0,290.0,997.0
786.0,481.0,786.0
332.0,796.0,796.0
660.0,926.0,926.0
293.0,266.0,293.0
816.0,985.0,985.0
866.0,4.0,866.0
882.0,401.0,882.0
420.0,640.0,640.0
682.0,610.0,682.0
302.0,154.0,302.0
665.0,154.0,665.0
170.0,920.0,920.0
350.0,755.0,755.0
100.0,406.0,406.0
400.0,883.0,883.0
95.0,110.0,110.0
904.0,685.0,904.0
590.0,391.0,590.0
407.0,316.0,407.0
243.0,117.0,243.0
843.0,786.0,843.0
400.0,573.0,573.0
876.0,655.0,876.0
504.0,235.0,504.0
843.0,569.0,843.0
678.0,976.0,976.0
907.0,976.0,976.0
670.0,183.0,670.0
167.0,419.0,419.0
930.0,97.0,930.0
874.0,78.0,874.0
317.0,651.0,651.0
6.0,919.0,919.0
689.0,52.0,689.0
766.0,749.0,766.0
874.0,869.0,874.0
161.0,824.0,824.0
790.0,868.0,868.0
111.0,141.0,141.0
33.0,381.0,381.0
913.0,331.0,913.0
462.0,407.0,462.0
834.0,904.0,904.0
386.0,721.0,721.0
863.0,36.0,863.0
752.0,656.0,752.0
653.0,954.0,954.0
834.0,977.0,977.0
456.0,7.0,456.0
147.0,655.0,655.0
478.0,23.0,478.0
649.0,998.0,998.0
102.0,149.0,149.0
855.0,345.0,855.0
160.0,154.0,160.0
675.0,161.0,675.0
58.0,164.0,164.0
290.0,650.0,650.0
76.0,855.0,855.0
751.0,135.0,751.0
710.0,676.0,710.0
536.0,750.0,750.0
352.0,954.0,954.0
630.0,660.0,660.0
929.0,717.0,929.0
218.0,144.0,218.0
82.0,631.0,631.0
67.0,384.0,384.0
601.0,704.0,704.0
21.0,298.0,298.0
635.0,145.0,635.0
959.0,55.0,959.0
747.0,261.0,747.0
775.0,258.0,775.0
3.0,858.0,858.0
605.0,116.0,605.0
414.0,388.0,414.0
484.0,964.0,964.0
141.0,964.0,964.0
370.0,935.0,935.0
641.0,902.0,902.0
623.0,884.0,884.0
851.0,806.0,851.0
147.0,301.0,301.0
397.0,730.0,730.0
334.0,73.0,334.0
376.0,596.0,596.0
585.0,249.0,585.0
306.0,38.0,306.0
469.0,45.0,469.0
897.0,280.0,897.0
69.0,341.0,341.0
557.0,469.0,557.0
700.0,570.0,700.0
754.0,949.0,949.0
72.0,225.0,225.0
848.0,717.0,848.0
23.0,227.0,227.0
751.0,610.0,751.0
232.0,537.0,537.0
246.0,721.0,721.0
93.0,320.0,320.0
948.0,299.0,948.0
448.0,636.0,636.0
24.0,378.0,378.0
487.0,641.0,641.0
262.0,699.0,699.0
36.0,896.0,896.0
358.0,91.0,358.0
812.0,862.0,862.0
682.0,688.0,688.0
291.0,147.0,291.0
562.0,258.0,562.0
767.0,821.0,821.0
449.0,38.0,449.0
972.0,822.0,972.0
439.0,214.0,439.0
445.0,758.0,758.0
178.0,981.0,981.0
567.0,882.0,882.0
636.0,944.0,944.0
875.0,797.0,875.0
494.0,139.0,494.0
773.0,504.0,773.0
526.0,619.0,619.0
848.0,296.0,848.0
429.0,971.0,971.0
241.0,341.0,341.0
369.0,222.0,369.0
939.0,812.0,939.0
711.0,751.0,751.0
829.0,202.0,829.0
473.0,194.0,473.0
593.0,603.0,603.0
609.0,228.0,609.0
961.0,563.0,961.0
98.0,435.0,435.0
826.0,199.0,826.0
525.0,444.0,525.0
631.0,816.0,816.0
482.0,895.0,895.0
7.0,958.0,958.0
870.0,385.0,870.0
983.0,370.0,983.0
998.0,712.0,998.0
659.0,683.0,683.0
947.0,3.0,947.0
988.0,302.0,988.0
422.0,562.0,562.0
754.0,165.0,754.0
790.0,966.0,966.0
828.0,983.0,983.0
1000.0,614.0,1000.0
466.0,975.0,975.0
466.0,860.0,860.0
451.0,429.0,451.0
602.0,228.0,602.0
171.0,128.0,171.0
519.0,818.0,818.0
584.0,94.0,584.0
180.0,449.0,449.0
885.0,432.0,885.0
869.0,987.0,987.0
77.0,675.0,675.0
298.0,357.0,357.0
727.0,75.0,727.0
994.0,946.0,994.0
398.0,327.0,398.0
797.0,19.0,797.0
139.0,800.0,800.0
271.0,514.0,514.0
508.0,189.0,508.0
66.0,871.0,871.0
391.0,329.0,391.0
689.0,146.0,689.0
639.0,189.0,639.0
230.0,893.0,893.0
524.0,419.0,524.0
893.0,582.0,893.0
106.0,515.0,515.0
609.0,969.0,969.0
522.0,828.0,828.0
377.0,870.0,870.0
391.0,211.0,391.0
247.0,596.0,596.0
351.0,502.0,502.0
159.0,461.0,461.0
613.0,799.0,799.0
65.0,121.0,121.0
771.0,97.0,771.0
377.0,755.0,755.0
231.0,567.0,567.0
88.0,751.0,751.0
189.0,150.0,189.0
601.0,124.0,601.0
964.0,342.0,964.0
51.0,216.0,216.0
550.0,470.0,550.0
498.0,912.0,912.0
649.0,617.0,649.0
100.0,351.0,351.0
173.0,681.0,681.0
566.0,699.0,699.0
494.0,339.0,494.0
859.0,589.0,859.0
693.0,794.0,794.0
568.0,694.0,694.0
774.0,570.0,774.0
662.0,972.0,972.0
281.0,848.0,848.0
706.0,581.0,706.0
40.0,102.0,102.0
383.0,938.0,938.0
408.0,215.0,408.0
993.0,452.0,993.0
592.0,909.0,909.0
619.0,623.0,623.0
264.0,422.0,422.0
136.0,235.0,235.0
935.0,781.0,935.0
445.0,493.0,493.0
355.0,383.0,383.0
607.0,426.0,607.0
140.0,323.0,323.0
518.0,175.0,518.0
594.0,765.0,765.0
718.0,719.0,719.0
679.0,228.0,679.0
852.0,789.0,852.0
596.0,64.0,596.0
415.0,544.0,544.0
929.0,482.0,929.0
330.0,731.0,731.0
521.0,116.0,521.0
426.0,77.0,426.0
892.0,46.0,892.0
498.0,637.0,637.0
84.0,160.0,160.0
208.0,751.0,751.0
68.0,145.0,145.0
989.0,326.0,989.0
404.0,43.0,404.0
152.0,762.0,762.0
40.0,373.0,373.0
395.0,502.0,502.0
718.0,629.0,718.0
869.0,967.0,967.0
21.0,88.0,88.0
717.0,487.0,717.0
36.0,796.0,796.0
196.0,163.0,196.0
941.0,835.0,941.0
204.0,919.0,919.0
56.0,244.0,244.0
120.0,752.0,752.0
250.0,48.0,250.0
374.0,188.0,374.0
148.0,91.0,148.0
867.0,20.0,867.0
78.0,925.0,925.0
529.0,365.0,529.0
844.0,235.0,844.0
772.0,863.0,863.0
167.0,209.0,209.0
902.0,595.0,902.0
444.0,924.0,924.0
657.0,50.0,657.0
728.0,385.0,728.0
408.0,464.0,464.0
610.0,802.0,802.0
960.0,745.0,960.0
895.0,293.0,895.0
627.0,747.0,747.0
115.0,748.0,748.0
334.0,983.0,983.0
459.0,592.0,592.0
783.0,685.0,783.0
112.0,613.0,613.0
611.0,398.0,611.0
629.0,203.0,629.0
470.0,849.0,849.0
622.0,266.0,622.0
903.0,8.0,903.0
189.0,986.0,986.0
69.0,726.0,726.0
964.0,734.0,964.0
360.0,638.0,638.0
361.0,293.0,361.0
666.0,941.0,941.0
353.0,753.0,753.0
367.0,657.0,657.0
661.0,921.0,921.0
144.0,271.0,271.0
978.0,483.0,978.0
449.0,56.0,449.0
89.0,265.0,265.0
858.0,755.0,858.0
567.0,390.0,567.0
984.0,925.0,984.0
804.0,396.0,804.0
861.0,333.0,861.0
710.0,155.0,710.0
751.0,727.0,751.0
947.0,595.0,947.0
481.0,715.0,715.0
348.0,316.0,348.0
89.0,525.0,525.0
33.0,252.0,252.0
503.0,963.0,963.0
489.0,294.0,489.0
38.0,489.0,489.0
629.0,251.0,629.0
935.0,71.0,935.0
429.0,5.0,429.0
809.0,758.0,809.0
371.0,211.0,371.0
404.0,240.0,404.0
409.0,949.0,949.0
531.0,188.0,531.0
779.0,396.0,779.0
168.0,295.0,295.0
38.0,849.0,849.0
957.0,37.0,957.0
64.0,892.0,892.0
739.0,366.0,739.0
997.0,438.0,997.0
197.0,119.0,197.0
970.0,232.0,970.0
163.0,440.0,440.0
631.0,293.0,631.0
180.0,489.0,489.0
878.0,861.0,878.0
35.0,674.0,674.0
439.0,825.0,825.0
254.0,206.0,254.0
770.0,143.0,770.0
639.0,352.0,639.0
576.0,121.0,576.0
47.0,118.0,118.0
877.0,358.0,877.0
73.0,584.0,584.0
240.0,5.0,240.0
354.0,210.0,354.0
340.0,376.0,376.0
624.0,508.0,624.0
128.0,728.0,728.0
45.0,964.0,964.0
16.0,510.0,510.0
449.0,839.0,839.0
183.0,704.0,704.0
716.0,398.0,716.0
309.0,248.0,309.0
838.0,576.0,838.0
971.0,542.0,971.0
65.0,368.0,368.0
238.0,753.0,753.0
992.0,872.0,992.0
644.0,820.0,820.0
789.0,613.0,789.0
410.0,242.0,410.0
727.0,505.0,727.0
644.0,667.0,667.0
593.0,656.0,656.0
87.0,136.0,136.0
247.0,230.0,247.0
9.0,122.0,122.0
973.0,290.0,973.0
894.0,645.0,894.0
138.0,463.0,463.0
365.0,659.0,659.0
400.0,201.0,400.0
141.0,967.0,967.0
386.0,165.0,386.0
11.0,719.0,719.0
502.0,457.0,502.0
498.0,96.0,498.0
524.0,577.0,577.0
180.0,239.0,239.0
799.0,838.0,838.0
642.0,814.0,814.0
470.0,327.0,470.0
296.0,393.0,393.0
666.0,507.0,666.0
823.0,134.0,823.0
137.0,814.0,814.0
560.0,123.0,560.0
360.0,504.0,504.0
850.0,883.0,883.0
364.0,498.0,498.0
848.0,591.0,848.0
12.0,906.0,906.0
107.0,1000.0,1000.0
101.0,78.0,101.0
902.0,9.0,902.0
73.0,2.0,73.0
381.0,144.0,381.0
157.0,425.0,425.0
82.0,413.0,413.0
351.0,512.0,512.0
936.0,477.0,936.0
97.0,800.0,800.0
602.0,608.0,608.0
980.0,685.0,980.0
976.0,210.0,976.0
133.0,101.0,133.0
439.0,926.0,926.0
97.0,82.0,97.0
652.0,90.0,652.0
116.0,728.0,728.0
945.0,354.0,945.0
992.0,433.0,992.0
286.0,222.0,286.0
145.0,780.0,780.0
119.0,690.0,690.0
594.0,314.0,594.0
930.0,350.0,930.0
218.0,421.0,421.0
718.0,342.0,718.0
39.0,669.0,669.0
103.0,189.0,189.0
358.0,4.0,358.0
686.0,24.0,686.0
935.0,891.0,935.0
450.0,656.0,656.0
72.0,189.0,189.0
838.0,142.0,838.0
500.0,761.0,761.0
310.0,646.0,646.0
648.0,606.0,648.0
527.0,430.0,527.0
411.0,280.0,411.0
274.0,911.0,911.0
556.0,193.0,556.0
601.0,572.0,601.0
810.0,215.0,810.0
987.0,328.0,987.0
431.0,893.0,893.0
509.0,500.0,509.0
175.0,893.0,893.0
293.0,772.0,772.0
879.0,710.0,879.0
35.0,221.0,221.0
804.0,773.0,804.0
181.0,175.0,181.0
495.0,911.0,911.0
6.0,569.0,569.0
34.0,474.0,474.0
907.0,578.0,907.0
929.0,36.0,929.0
197.0,21.0,197.0
400.0,994.0,994.0
167.0,626.0,626.0
928.0,564.0,928.0
163.0,180.0,180.0
720.0,492.0,720.0
607.0,635.0,635.0
258.0,665.0,665.0
811.0,0.0,811.0
188.0,890.0,890.0
691.0,503.0,691.0
532.0,223.0,532.0
180.0,538.0,538.0
316.0,249.0,316.0
803.0,57.0,803.0
815.0,14.0,815.0
771.0,76.0,771.0
871.0,928.0,928.0
543.0,859.0,859.0
241.0,988.0,988.0
967.0,458.0,967.0
386.0,253.0,386.0
76.0,755.0,755.0
80.0,501.0,501.0
807.0,451.0,807.0
313.0,554.0,554.0
275.0,122.0,275.0
106.0,273.0,273.0
737.0,370.0,737.0
753.0,434.0,753.0
845.0,412.0,845.0
857.0,539.0,857.0
248.0,798.0,798.0
20.0,438.0,438.0
220.0,365.0,365.0
846.0,50.0,846.0
140.0,551.0,551.0
805.0,721.0,805.0
766.0,36.0,766.0
268.0,592.0,592.0
486.0,691.0,691.0
726.0,798.0,798.0
951.0,374.0,951.0
369.0,133.0,369.0
110.0,815.0,815.0
93.0,284.0,284.0
845.0,850.0,850.0
866.0,77.0,866.0
54.0,176.0,176.0
968.0,664.0,968.0
888.0,542.0,888.0
51.0,426.0,426.0
181.0,481.0,481.0
803.0,791.0,803.0
624.0,190.0,624.0
132.0,994.0,994.0
689.0,437.0,689.0
528.0,405.0,528.0
235.0,235.0,235.0
748.0,502.0,748.0
667.0,811.0,811.0
782.0,907.0,907.0
963.0,155.0,963.0
762.0,321.0,762.0
601.0,192.0,601.0
830.0,771.0,830.0
642.0,846.0,846.0
568.0,737.0,737.0
557.0,613.0,613.0
981.0,131.0,981.0
505.0,189.0,505.0
862.0,118.0,862.0
681.0,746.0,746.0
343.0,665.0,665.0
832.0,526.0,832.0
257.0,196.0,257.0
217.0,549.0,549.0
365.0,260.0,365.0
67.0,849.0,849.0
923.0,608.0,923.0
283.0,353.0,353.0
711.0,119.0,711.0
461.0,612.0,612.0
392.0,712.0,712.0
676.0,508.0,676.0
542.0,172.0,542.0
933.0,985.0,985.0
380.0,179.0,380.0
628.0,325.0,628.0
564.0,462.0,564.0
451.0,517.0,517.0
468.0,249.0,468.0
564.0,236.0,564.0
260.0,538.0,538.0
812.0,809.0,812.0
940.0,357.0,940.0
799.0,251.0,799.0
499.0,440.0,499.0
0.0,332.0,332.0
439.0,604.0,604.0
928.0,73.0,928.0
701.0,457.0,701.0
657.0,713.0,713.0
841.0,199.0,841.0
130.0,388.0,388.0
459.0,562.0,562.0
304.0,601.0,601.0
608.0,660.0,660.0
719.0,746.0,746.0
82.0,282.0,282.0
401.0,858.0,858.0
586.0,963.0,963.0
278.0,379.0,379.0
830.0,340.0,830.0
122.0,276.0,276.0
540.0,391.0,540.0
237.0,510.0,510.0
880.0,231.0,880.0
947.0,955.0,955.0
60.0,258.0,258.0
126.0,684.0,684.0
107.0,868.0,868.0
635.0,934.0,934.0
396.0,630.0,630.0
347.0,599.0,599.0
197.0,21.0,197.0
468.0,912.0,912.0
701.0,720.0,720.0
68.0,324.0,324.0
521.0,598.0,598.0
194.0,754.0,754.0
805.0,234.0,805.0
486.0,61.0,486.0
292.0,975.0,975.0
438.0,706.0,706.0
885.0,288.0,885.0
770.0,577.0,770.0
554.0,874.0,874.0
669.0,446.0,669.0
202.0,310.0,310.0
159.0,215.0,215.0
597.0,809.0,809.0
346.0,776.0,776.0
513.0,788.0,788.0
995.0,135.0,995.0
630.0,556.0,630.0
241.0,820.0,820.0
348.0,165.0,348.0
923.0,658.0,923.0
322.0,498.0,498.0
259.0,486.0,486.0
621.0,835.0,835.0
935.0,546.0,935.0
834.0,426.0,834.0
352.0,659.0,659.0
149.0,45.0,149.0
224.0,618.0,618.0
486.0,185.0,486.0
420.0,864.0,864.0
880.0,633.0,880.0
249.0,424.0,424.0
486.0,514.0,514.0
351.0,81.0,351.0
640.0,149.0,640.0
620.0,329.0,620.0
267.0,706.0,706.0
148.0,272.0,272.0
276.0,142.0,276.0
411.0,281.0,411.0
0.0,562.0,562.0
142.0,491.0,491.0
990.0,414.0,990.0
128.0,458.0,458.0
361.0,10.0,361.0
874.0,655.0,874.0
413.0,29.0,413.0
348.0,897.0,897.0
445.0,988.0,988.0
529.0,309.0,529.0
861.0,117.0,861.0
692.0,67.0,692.0
36.0,159.0,159.0
144.0,835.0,835.0
298.0,121.0,298.0
528.0,952.0,952.0
976.0,820.0,976.0
242.0,964.0,964.0
502.0,95.0,502.0
326.0,265.0,326.0
278.0,396.0,396.0
361.0,41.0,361.0
240.0,348.0,348.0
241.0,51.0,241.0
454.0,52.0,454.0
645.0,571.0,645.0
694.0,903.0,903.0
323.0,863.0,863.0
99.0,641.0,641.0
579.0,681.0,681.0
676.0,948.0,948.0
809.0,123.0,809.0
313.0,149.0,313.0
85.0,81.0,85.0
243.0,421.0,421.0
724.0,643.0,724.0
613.0,618.0,618.0
304.0,96.0,304.0
630.0,393.0,630.0
729.0,101.0,729.0
957.0,941.0,957.0
66.0,104.0,104.0
137.0,467.0,467.0
234.0,816.0,816.0
703.0,667.0,703.0
953.0,621.0,953.0
435.0,929.0,929.0
161.0,830.0,830.0
201.0,976.0,976.0
731.0,630.0,731.0
695.0,172.0,695.0
188.0,791.0,791.0
541.0,695.0,695.0
858.0,472.0,858.0
771.0,866.0,866.0
31.0,493.0,493.0
29.0,325.0,325.0
629.0,983.0,983.0
311.0,954.0,954.0
13.0,169.0,169.0
741.0,278.0,741.0
823.0,447.0,823.0
649.0,908.0,908.0
181.0,912.0,912.0
236.0,872.0,872.0
110.0,103.0,110.0
392.0,91.0,392.0
682.0,323.0,682.0
866.0,466.0,866.0
477.0,952.0,952.0
489.0,464.0,489.0
968.0,295.0,968.0
508.0,430.0,508.0
635.0,147.0,635.0
822.0,662.0,822.0
650.0,916.0,916.0
125.0,707.0,707.0
754.0,346.0,754.0
451.0,943.0,943.0
836.0,214.0,836.0
187.0,579.0,579.0
738.0,946.0,946.0
986.0,429.0,986.0
293.0,474.0,474.0
422.0,237.0,422.0
396.0,550.0,550.0
868.0,51.0,868.0
920.0,227.0,920.0
378.0,865.0,865.0
232.0,567.0,567.0
961.0,611.0,961.0
472.0,277.0,472.0
791.0,817.0,817.0
262.0,646.0,646.0
972.0,767.0,972.0
133.0,0.0,133.0
218.0,556.0,556.0
472.0,685.0,685.0
147.0,138.0,147.0
769.0,672.0,769.0
824.0,319.0,824.0
936.0,559.0,936.0
572.0,762.0,762.0
633.0,527.0,633.0
380.0,466.0,466.0
522.0,954.0,954.0
411.0,806.0,806.0
206.0,892.0,892.0
134.0,644.0,644.0
375.0,162.0,375.0
458.0,641.0,641.0
238.0,951.0,951.0
833.0,459.0,833.0
823.0,665.0,823.0
859.0,695.0,859.0
895.0,517.0,895.0
421.0,334.0,421.0
911.0,375.0,911.0
376.0,243.0,376.0
619.0,916.0,916.0
980.0,821.0,980.0
883.0,683.0,883.0
121.0,564.0,564.0
239.0,827.0,827.0
582.0,743.0,743.0
54.0,558.0,558.0
882.0,451.0,882.0
340.0,348.0,348.0
997.0,739.0,997.0
206.0,552.0,552.0
992.0,172.0,992.0
460.0,952.0,952.0
102.0,175.0,175.0
548.0,688.0,688.0
103.0,139.0,139.0
212.0,692.0,692.0
322.0,195.0,322.0
853.0,617.0,853.0
487.0,401.0,487.0
907.0,438.0,907.0
397.0,452.0,452.0
563.0,12.0,563.0
753.0,617.0,753.0
126.0,660.0,660.0
956.0,110.0,956.0
383.0,282.0,383.0
891.0,937.0,937.0
449.0,930.0,930.0
925.0,512.0,925.0
167.0,905.0,905.0
542.0,767.0,767.0
378.0,25.0,378.0
327.0,73.0,327.0
346.0,438.0,438.0
501.0,92.0,501.0
257.0,981.0,981.0
328.0,886.0,886.0
561.0,224.0,561.0
735.0,485.0,735.0
989.0,585.0,989.0
77.0,567.0,567.0
629.0,787.0,787.0
463.0,299.0,463.0
922.0,640.0,922.0
952.0,546.0,952.0
736.0,630.0,736.0
901.0,303.0,901.0
492.0,12.0,492.0
847.0,278.0,847.0
113.0,644.0,644.0
824.0,653.0,824.0
55.0,883.0,883.0
730.0,104.0,730.0
48.0,431.0,431.0
175.0,192.0,192.0
67.0,213.0,213.0
352.0,455.0,455.0
561.0,527.0,561.0
258.0,225.0,258.0
871.0,922.0,922.0
854.0,850.0,854.0
140.0,737.0,737.0
186.0,133.0,186.0
65.0,566.0,566.0
177.0,208.0,208.0
98.0,87.0,98.0
840.0,664.0,840.0
745.0,520.0,745.0
14.0,318.0,318.0
521.0,684.0,684.0
394.0,421.0,421.0
455.0,120.0,455.0
93.0,540.0,540.0
194.0,786.0,786.0
742.0,639.0,742.0
331.0,720.0,720.0
508.0,139.0,508.0
391.0,25.0,391.0
820.0,838.0,838.0
703.0,504.0,703.0
355.0,79.0,355.0
719.0,543.0,719.0
750.0,19.0,750.0
269.0,938.0,938.0
766.0,606.0,766.0
893.0,325.0,893.0
620.0,194.0,620.0
932.0,641.0,932.0
282.0,736.0,736.0
554.0,222.0,554.0
709.0,101.0,709.0
176.0,412.0,412.0
605.0,58.0,605.0
964.0,621.0,964.0
230.0,78.0,230.0
680.0,448.0,680.0
48.0,94.0,94.0
930.0,524.0,930.0
998.0,874.0,998.0
339.0,890.0,890.0
477.0,948.0,948.0
287.0,98.0,287.0
174.0,682.0,682.0
372.0,971.0,971.0
760.0,537.0,760.0
597.0,153.0,597.0
887.0,882.0,887.0
179.0,384.0,384.0
392.0,863.0,863.0
422.0,917.0,917.0
137.0,674.0,674.0
503.0,351.0,503.0
269.0,188.0,269.0
891.0,40.0,891.0
480.0,812.0,812.0
102.0,616.0,616.0
913.0,318.0,913.0
917.0,403.0,917.0
24.0,353.0,353.0
7.0,162.0,162.0
466.0,886.0,886.0
494.0,224.0,494.0
440.0,988.0,988.0
933.0,467.0,933.0
949.0,814.0,949.0
757.0,528.0,757.0
900.0,486.0,900.0
743.0,529.0,743.0
934.0,824.0,934.0
370.0,537.0,537.0
155.0,117.0,155.0
451.0,948.0,948.0
594.0,400.0,594.0
101.0,626.0,626.0
349.0,681.0,681.0
711.0,100.0,711.0
682.0,740.0,740.0
228.0,542.0,542.0
612.0,196.0,612.0
771.0,697.0,771.0
60.0,800.0,800.0
423.0,308.0,423.0
845.0,209.0,845.0
853.0,22.0,853.0
266.0,564.0,564.0
990.0,718.0,990.0
808.0,128.0,808.0
486.0,57.0,486.0
963.0,815.0,963.0
127.0,167.0,167.0
228.0,518.0,518.0
735.0,45.0,735.0
72.0,175.0,175.0
726.0,484.0,726.0
141.0,570.0,570.0
691.0,707.0,707.0
228.0,365.0,365.0
238.0,899.0,899.0
438.0,295.0,438.0
572.0,862.0,862.0
274.0,291.0,291.0
187.0,790.0,790.0
592.0,350.0,592.0
884.0,375.0,884.0
497.0,377.0,497.0
42.0,866.0,866.0
838.0,819.0,838.0
758.0,381.0,758.0
911.0,853.0,911.0
313.0,481.0,481.0
643.0,369.0,643.0
714.0,2.0,714.0
536.0,550.0,550.0
284.0,770.0,770.0
422.0,671.0,671.0
704.0,166.0,704.0
458.0,772.0,772.0
847.0,9.0,847.0
693.0,856.0,856.0
207.0,835.0,835.0
922.0,240.0,922.0
354.0,15.0,354.0
327.0,924.0,924.0
107.0,298.0,298.0
591.0,432.0,591.0
50.0,682.0,682.0
903.0,305.0,903.0
517.0,306.0,517.0
245.0,505.0,505.0
263.0,62.0,263.0
490.0,159.0,490.0
27.0,405.0,405.0
151.0,607.0,607.0
25.0,357.0,357.0
169.0,150.0,169.0
840.0,326.0,840.0
206.0,670.0,670.0
135.0,372.0,372.0
836.0,304.0,836.0
421.0,455.0,455.0
132.0,822.0,822.0
741.0,853.0,853.0
442.0,373.0,442.0
131.0,273.0,273.0
896.0,433.0,896.0
997.0,367.0,997.0
718.0,704.0,718.0
828.0,2.0,828.0
674.0,390.0,674.0
523.0,664.0,664.0
635.0,569.0,635.0
705.0,982.0,982.0
262.0,186.0,262.0
246.0,496.0,496.0
424.0,384.0,424.0
266.0,531.0,531.0
942.0,445.0,942.0
933.0,354.0,933.0
713.0,182.0,713.0
143.0,150.0,150.0
950.0,458.0,950.0
153.0,579.0,579.0
934.0,804.0,934.0
992.0,875.0,992.0
103.0,698.0,698.0
871.0,50.0,871.0
397.0,177.0,397.0
517.0,384.0,517.0
334.0,872.0,872.0
915.0,636.0,915.0
994.0,164.0,994.0
372.0,513.0,513.0
277.0,794.0,794.0
496.0,712.0,712.0
813.0,364.0,813.0
142.0,43.0,142.0
123.0,278.0,278.0
879.0,498.0,879.0
505.0,666.0,666.0
982.0,930.0,982.0
365.0,528.0,528.0
565.0,141.0,565.0
302.0,117.0,302.0
829.0,421.0,829.0
265.0,129.0,265.0
350.0,681.0,681.0
137.0,843.0,843.0
717.0,561.0,717.0
15.0,728.0,728.0
244.0,961.0,961.0
198.0,403.0,403.0
836.0,575.0,836.0
410.0,957.0,957.0
415.0,537.0,537.0
794.0,127.0,794.0
240.0,3.0,240.0
708.0,796.0,796.0
480.0,581.0,581.0
290.0,545.0,545.0
69.0,775.0,775.0
771.0,865.0,865.0
234.0,296.0,296.0
543.0,536.0,543.0
65.0,280.0,280.0
632.0,477.0,632.0
455.0,478.0,478.0
320.0,313.0,320.0
889.0,777.0,889.0
250.0,213.0,250.0
826.0,664.0,826.0
850.0,368.0,850.0
632.0,715.0,715.0
201.0,30.0,201.0
165.0,895.0,895.0
515.0,85.0,515.0
205.0,684.0,684.0
869.0,900.0,900.0
114.0,38.0,114.0
559.0,226.0,559.0
617.0,691.0,691.0
804.0,527.0,804.0
817.0,443.0,817.0
537.0,776.0,776.0
310.0,909.0,909.0
267.0,283.0,283.0
423.0,259.0,423.0
605.0,379.0,605.0
977.0,892.0,977.0
56.0,691.0,691.0
364.0,496.0,496.0
803.0,677.0,803.0
166.0,189.0,189.0
444.0,596.0,596.0
263.0,262.0,263.0
502.0,240.0,502.0
540.0,147.0,540.0
361.0,709.0,709.0
528.0,884.0,884.0
712.0,309.0,712.0
864.0,329.0,864.0
116.0,567.0,567.0
736.0,431.0,736.0
746.0,234.0,746.0
129.0,888.0,888.0
72.0,490.0,490.0
220.0,967.0,967.0
171.0,528.0,528.0
619.0,504.0,619.0
187.0,818.0,818.0
684.0,510.0,684.0
605.0,241.0,605.0
787.0,860.0,860.0
819.0,468.0,819.0
871.0,260.0,871.0
435.0,494.0,494.0
33.0,671.0,671.0
280.0,389.0,389.0
396.0,256.0,396.0
530.0,400.0,530.0
889.0,45.0,889.0
322.0,4.0,322.0
683.0,476.0,683.0
839.0,102.0,839.0
31.0,673.0,673.0
728.0,792.0,792.0
501.0,356.0,501.0
186.0,803.0,803.0
250.0,42.0,250.0
389.0,227.0,389.0
342.0,332.0,342.0
113.0,316.0,316.0
204.0,666.0,666.0
375.0,425.0,425.0
72.0,898.0,898.0
72.0,908.0,908.0
260.0,677.0,677.0
643.0,4.0,643.0
743.0,542.0,743.0
506.0,834.0,834.0
698.0,764.0,764.0
927.0,44.0,927.0
453.0,144.0,453.0
348.0,95.0,348.0
887.0,906.0,906.0
261.0,309.0,309.0
